timestamp,room_id,temperature,humidity,temp_sin,temp_cos,target_temp_plus_1h
2026-01-01 00:00:00,office-general,23.36813902974277,50.14401639166069,0.0,1.0,22.68567084723835
2026-01-01 01:00:00,office-general,22.68567084723835,48.69473380943218,0.25881904510252074,0.9659258262890683,22.27199526205802
2026-01-01 02:00:00,office-general,22.27199526205802,50.442555357138495,0.49999999999999994,0.8660254037844387,21.631950321303382
2026-01-01 03:00:00,office-general,21.631950321303382,51.13256885277669,0.7071067811865475,0.7071067811865476,21.15061637971432
2026-01-01 04:00:00,office-general,21.15061637971432,50.126469475968015,0.8660254037844386,0.5000000000000001,21.3423893267008
2026-01-01 05:00:00,office-general,21.3423893267008,48.06396439911686,0.9659258262890683,0.25881904510252074,20.757401190177596
2026-01-01 06:00:00,office-general,20.757401190177596,48.51802738111011,1.0,6.123233995736766e-17,20.50875451210352
2026-01-01 07:00:00,office-general,20.50875451210352,46.034701533471,0.9659258262890683,-0.25881904510252063,20.77528865505221
2026-01-01 08:00:00,office-general,20.77528865505221,45.80896373825984,0.8660254037844387,-0.49999999999999983,19.958997717918574
2026-01-01 09:00:00,office-general,19.958997717918574,45.54661578396413,0.7071067811865476,-0.7071067811865475,20.308245066494916
2026-01-01 10:00:00,office-general,20.308245066494916,43.295243191047106,0.49999999999999994,-0.8660254037844387,20.31307385055579
2026-01-01 11:00:00,office-general,20.31307385055579,40.54051991927345,0.258819045102521,-0.9659258262890682,20.814116282609458
2026-01-01 12:00:00,office-general,20.814116282609458,42.10155125901231,1.2246467991473532e-16,-1.0,21.059219794472796
2026-01-01 13:00:00,office-general,21.059219794472796,39.5171528042844,-0.2588190451025208,-0.9659258262890683,21.8572749870485
2026-01-01 14:00:00,office-general,21.8572749870485,38.553404424526995,-0.4999999999999998,-0.8660254037844388,22.739669467040013
2026-01-01 15:00:00,office-general,22.739669467040013,39.91803386855997,-0.7071067811865471,-0.7071067811865479,23.027162852278373
2026-01-01 16:00:00,office-general,23.027162852278373,40.65330795139879,-0.8660254037844384,-0.5000000000000004,22.977184618294142
2026-01-01 17:00:00,office-general,22.977184618294142,40.47948025387916,-0.9659258262890683,-0.25881904510252063,23.546585568415747
2026-01-01 18:00:00,office-general,23.546585568415747,42.42153121778798,-1.0,-1.8369701987210297e-16,23.55654408742686
2026-01-01 19:00:00,office-general,23.55654408742686,42.53014668947847,-0.9659258262890684,0.2588190451025203,22.809366753156038
2026-01-01 20:00:00,office-general,22.809366753156038,45.70075408917124,-0.8660254037844386,0.5000000000000001,23.1295663195752
2026-01-01 21:00:00,office-general,23.1295663195752,45.34233206361759,-0.7071067811865477,0.7071067811865474,23.560616463376732
2026-01-01 22:00:00,office-general,23.560616463376732,48.26961787709564,-0.5000000000000004,0.8660254037844384,23.03964648617305
2026-01-01 23:00:00,office-general,23.03964648617305,47.707407953113965,-0.25881904510252157,0.9659258262890681,22.529976056198805
2026-01-02 00:00:00,office-general,22.529976056198805,49.08134330751493,0.0,1.0,22.580793513395136
2026-01-02 01:00:00,office-general,22.580793513395136,50.01641883352282,0.25881904510252074,0.9659258262890683,21.89996576613113
2026-01-02 02:00:00,office-general,21.89996576613113,49.91861702895674,0.49999999999999994,0.8660254037844387,22.0577012809069
2026-01-02 03:00:00,office-general,22.0577012809069,50.298358211802,0.7071067811865475,0.7071067811865476,21.589385919297513
2026-01-02 04:00:00,office-general,21.589385919297513,50.3805900334334,0.8660254037844386,0.5000000000000001,20.60368702738379
2026-01-02 05:00:00,office-general,20.60368702738379,48.08877112287851,0.9659258262890683,0.25881904510252074,20.77903453690077
2026-01-02 06:00:00,office-general,20.77903453690077,47.24823484863454,1.0,6.123233995736766e-17,21.490766145115273
2026-01-02 07:00:00,office-general,21.490766145115273,47.36437016500341,0.9659258262890683,-0.25881904510252063,20.69969873747218
2026-01-02 08:00:00,office-general,20.69969873747218,45.130753466982554,0.8660254037844387,-0.49999999999999983,20.008790231987938
2026-01-02 09:00:00,office-general,20.008790231987938,43.912561987233985,0.7071067811865476,-0.7071067811865475,20.52461476779196
2026-01-02 10:00:00,office-general,20.52461476779196,43.52498760090064,0.49999999999999994,-0.8660254037844387,20.36651843380465
2026-01-02 11:00:00,office-general,20.36651843380465,40.82450764944884,0.258819045102521,-0.9659258262890682,20.984522370910632
2026-01-02 12:00:00,office-general,20.984522370910632,41.39250533946741,1.2246467991473532e-16,-1.0,21.429386006044478
2026-01-02 13:00:00,office-general,21.429386006044478,40.6007155731543,-0.2588190451025208,-0.9659258262890683,22.153094639422868
2026-01-02 14:00:00,office-general,22.153094639422868,41.16208233566228,-0.4999999999999998,-0.8660254037844388,22.01253018318777
2026-01-02 15:00:00,office-general,22.01253018318777,39.97687295507575,-0.7071067811865471,-0.7071067811865479,23.277048129378354
2026-01-02 16:00:00,office-general,23.277048129378354,41.589618587124754,-0.8660254037844384,-0.5000000000000004,22.651958120917197
2026-01-02 17:00:00,office-general,22.651958120917197,41.89399736691542,-0.9659258262890683,-0.25881904510252063,22.838494339021178
2026-01-02 18:00:00,office-general,22.838494339021178,41.511785603705306,-1.0,-1.8369701987210297e-16,23.61331249413948
2026-01-02 19:00:00,office-general,23.61331249413948,44.79521209790683,-0.9659258262890684,0.2588190451025203,23.76357572540241
2026-01-02 20:00:00,office-general,23.76357572540241,46.40790602075793,-0.8660254037844386,0.5000000000000001,23.644355271262146
2026-01-02 21:00:00,office-general,23.644355271262146,47.27241207300887,-0.7071067811865477,0.7071067811865474,23.069552391471913
2026-01-02 22:00:00,office-general,23.069552391471913,47.13458461632022,-0.5000000000000004,0.8660254037844384,23.17852921130894
2026-01-02 23:00:00,office-general,23.17852921130894,47.63508892707348,-0.25881904510252157,0.9659258262890681,22.300629568347148
2026-01-03 00:00:00,office-general,22.300629568347148,49.82394732493098,0.0,1.0,22.347006897469683
2026-01-03 01:00:00,office-general,22.347006897469683,49.84474610733353,0.25881904510252074,0.9659258262890683,22.08681034740432
2026-01-03 02:00:00,office-general,22.08681034740432,50.67329724626184,0.49999999999999994,0.8660254037844387,21.35870725104507
2026-01-03 03:00:00,office-general,21.35870725104507,48.37857742832861,0.7071067811865475,0.7071067811865476,21.068591022736474
2026-01-03 04:00:00,office-general,21.068591022736474,48.78106716266846,0.8660254037844386,0.5000000000000001,20.29657759146475
2026-01-03 05:00:00,office-general,20.29657759146475,50.02963130801629,0.9659258262890683,0.25881904510252074,20.756191058307913
2026-01-03 06:00:00,office-general,20.756191058307913,48.147452499029576,1.0,6.123233995736766e-17,20.59086525361788
2026-01-03 07:00:00,office-general,20.59086525361788,44.68965362468093,0.9659258262890683,-0.25881904510252063,20.0344341854404
2026-01-03 08:00:00,office-general,20.0344341854404,44.75523975624157,0.8660254037844387,-0.49999999999999983,21.475094912874123
2026-01-03 09:00:00,office-general,21.475094912874123,44.29582795724607,0.7071067811865476,-0.7071067811865475,20.305165095241538
2026-01-03 10:00:00,office-general,20.305165095241538,42.73152360836966,0.49999999999999994,-0.8660254037844387,20.90674899222692
2026-01-03 11:00:00,office-general,20.90674899222692,41.58237253673212,0.258819045102521,-0.9659258262890682,21.031839335828078
2026-01-03 12:00:00,office-general,21.031839335828078,40.068136414371146,1.2246467991473532e-16,-1.0,22.01903467205669
2026-01-03 13:00:00,office-general,22.01903467205669,39.72580299851103,-0.2588190451025208,-0.9659258262890683,22.121802149161635
2026-01-03 14:00:00,office-general,22.121802149161635,39.4891034694133,-0.4999999999999998,-0.8660254037844388,21.774240200680918
2026-01-03 15:00:00,office-general,21.774240200680918,40.00400713799522,-0.7071067811865471,-0.7071067811865479,22.78490025070015
2026-01-03 16:00:00,office-general,22.78490025070015,39.90303173532834,-0.8660254037844384,-0.5000000000000004,22.724931731907976
2026-01-03 17:00:00,office-general,22.724931731907976,40.08571418490933,-0.9659258262890683,-0.25881904510252063,23.391124047884922
2026-01-03 18:00:00,office-general,23.391124047884922,41.29817534555755,-1.0,-1.8369701987210297e-16,23.623699907382672
2026-01-03 19:00:00,office-general,23.623699907382672,41.9624743233097,-0.9659258262890684,0.2588190451025203,23.618454967686016
2026-01-03 20:00:00,office-general,23.618454967686016,45.43800083800803,-0.8660254037844386,0.5000000000000001,23.679143851835203
2026-01-03 21:00:00,office-general,23.679143851835203,45.149782529760344,-0.7071067811865477,0.7071067811865474,23.274490189103624
2026-01-03 22:00:00,office-general,23.274490189103624,47.62772980500647,-0.5000000000000004,0.8660254037844384,22.397259110370204
2026-01-03 23:00:00,office-general,22.397259110370204,47.15599579753186,-0.25881904510252157,0.9659258262890681,22.94649040380881
2026-01-04 00:00:00,office-general,22.94649040380881,49.32080366128935,0.0,1.0,22.35925222992274
2026-01-04 01:00:00,office-general,22.35925222992274,49.54470803943217,0.25881904510252074,0.9659258262890683,21.934356428320868
2026-01-04 02:00:00,office-general,21.934356428320868,50.44581395754112,0.49999999999999994,0.8660254037844387,21.46672313569792
2026-01-04 03:00:00,office-general,21.46672313569792,49.656456017507296,0.7071067811865475,0.7071067811865476,21.48155313555923
2026-01-04 04:00:00,office-general,21.48155313555923,49.35451830711323,0.8660254037844386,0.5000000000000001,21.542805449918358
2026-01-04 05:00:00,office-general,21.542805449918358,46.295945813679346,0.9659258262890683,0.25881904510252074,21.03825435596235
2026-01-04 06:00:00,office-general,21.03825435596235,46.7578110772867,1.0,6.123233995736766e-17,20.643173823672896
2026-01-04 07:00:00,office-general,20.643173823672896,45.84050059134048,0.9659258262890683,-0.25881904510252063,21.048786411144093
2026-01-04 08:00:00,office-general,21.048786411144093,45.4854241278075,0.8660254037844387,-0.49999999999999983,20.474437558663254
2026-01-04 09:00:00,office-general,20.474437558663254,42.4112512818975,0.7071067811865476,-0.7071067811865475,20.80587857350778
2026-01-04 10:00:00,office-general,20.80587857350778,41.12351857219205,0.49999999999999994,-0.8660254037844387,20.7837404138332
2026-01-04 11:00:00,office-general,20.7837404138332,42.36676548143292,0.258819045102521,-0.9659258262890682,21.15739202322003
2026-01-04 12:00:00,office-general,21.15739202322003,39.69166397388961,1.2246467991473532e-16,-1.0,21.750018234417492
2026-01-04 13:00:00,office-general,21.750018234417492,40.699632783191625,-0.2588190451025208,-0.9659258262890683,21.78518321499177
2026-01-04 14:00:00,office-general,21.78518321499177,40.02424884039417,-0.4999999999999998,-0.8660254037844388,22.970546275064056
2026-01-04 15:00:00,office-general,22.970546275064056,41.21594272249696,-0.7071067811865471,-0.7071067811865479,22.312699994981106
2026-01-04 16:00:00,office-general,22.312699994981106,41.088285437205215,-0.8660254037844384,-0.5000000000000004,23.114350898039493
2026-01-04 17:00:00,office-general,23.114350898039493,42.24395748207191,-0.9659258262890683,-0.25881904510252063,23.510531812590266
2026-01-04 18:00:00,office-general,23.510531812590266,43.17880617589282,-1.0,-1.8369701987210297e-16,23.635394699056643
2026-01-04 19:00:00,office-general,23.635394699056643,43.060229241809445,-0.9659258262890684,0.2588190451025203,23.998391327856176
2026-01-04 20:00:00,office-general,23.998391327856176,43.58581176761417,-0.8660254037844386,0.5000000000000001,23.71934655631849
2026-01-04 21:00:00,office-general,23.71934655631849,46.20653338761099,-0.7071067811865477,0.7071067811865474,24.039361084411276
2026-01-04 22:00:00,office-general,24.039361084411276,46.30127347399693,-0.5000000000000004,0.8660254037844384,23.743799449360207
2026-01-04 23:00:00,office-general,23.743799449360207,48.119925969857455,-0.25881904510252157,0.9659258262890681,22.729174223150185
2026-01-05 00:00:00,office-general,22.729174223150185,50.68356028863177,0.0,1.0,22.434078725664712
2026-01-05 01:00:00,office-general,22.434078725664712,50.11412905231852,0.25881904510252074,0.9659258262890683,22.326484921781038
2026-01-05 02:00:00,office-general,22.326484921781038,50.31284861255486,0.49999999999999994,0.8660254037844387,21.852117987215887
2026-01-05 03:00:00,office-general,21.852117987215887,47.57514990575632,0.7071067811865475,0.7071067811865476,21.388176773143236
2026-01-05 04:00:00,office-general,21.388176773143236,47.84856991090177,0.8660254037844386,0.5000000000000001,20.59610801758513
2026-01-05 05:00:00,office-general,20.59610801758513,47.57898038592634,0.9659258262890683,0.25881904510252074,20.473072101512546
2026-01-05 06:00:00,office-general,20.473072101512546,48.11806656674305,1.0,6.123233995736766e-17,21.24201765498147
2026-01-05 07:00:00,office-general,21.24201765498147,46.826766410809576,0.9659258262890683,-0.25881904510252063,20.26805447253161
2026-01-05 08:00:00,office-general,20.26805447253161,46.826133320595176,0.8660254037844387,-0.49999999999999983,21.216979962046512
2026-01-05 09:00:00,office-general,21.216979962046512,44.079925246810994,0.7071067811865476,-0.7071067811865475,21.12638703119596
2026-01-05 10:00:00,office-general,21.12638703119596,43.3869695568757,0.49999999999999994,-0.8660254037844387,21.265382128736082
2026-01-05 11:00:00,office-general,21.265382128736082,41.66095438435157,0.258819045102521,-0.9659258262890682,20.738545915355882
2026-01-05 12:00:00,office-general,20.738545915355882,40.43028991292724,1.2246467991473532e-16,-1.0,21.35355017797977
2026-01-05 13:00:00,office-general,21.35355017797977,41.898801521750606,-0.2588190451025208,-0.9659258262890683,21.81189594980103
2026-01-05 14:00:00,office-general,21.81189594980103,38.342023003314665,-0.4999999999999998,-0.8660254037844388,22.048081437345587
2026-01-05 15:00:00,office-general,22.048081437345587,39.98618277502461,-0.7071067811865471,-0.7071067811865479,21.919395355546186
2026-01-05 16:00:00,office-general,21.919395355546186,41.56843674191526,-0.8660254037844384,-0.5000000000000004,23.35938008444958
2026-01-05 17:00:00,office-general,23.35938008444958,41.05299839287117,-0.9659258262890683,-0.25881904510252063,23.603301994947337
2026-01-05 18:00:00,office-general,23.603301994947337,41.82086157248624,-1.0,-1.8369701987210297e-16,23.720701400916635
2026-01-05 19:00:00,office-general,23.720701400916635,44.68737167382212,-0.9659258262890684,0.2588190451025203,23.655965416168772
2026-01-05 20:00:00,office-general,23.655965416168772,46.38968947918219,-0.8660254037844386,0.5000000000000001,23.767989876778604
2026-01-05 21:00:00,office-general,23.767989876778604,46.295967485589784,-0.7071067811865477,0.7071067811865474,23.15638779887953
2026-01-05 22:00:00,office-general,23.15638779887953,46.1780307336202,-0.5000000000000004,0.8660254037844384,23.754013098311997
2026-01-05 23:00:00,office-general,23.754013098311997,47.1711833639968,-0.25881904510252157,0.9659258262890681,23.196226773324693
2026-01-06 00:00:00,office-general,23.196226773324693,49.989255389898055,0.0,1.0,22.615362834153593
2026-01-06 01:00:00,office-general,22.615362834153593,49.25506761676357,0.25881904510252074,0.9659258262890683,21.839476919885747
2026-01-06 02:00:00,office-general,21.839476919885747,49.20445191160588,0.49999999999999994,0.8660254037844387,21.52216221898701
2026-01-06 03:00:00,office-general,21.52216221898701,50.409496581443996,0.7071067811865475,0.7071067811865476,21.088367731940465
2026-01-06 04:00:00,office-general,21.088367731940465,49.42559264215955,0.8660254037844386,0.5000000000000001,21.48760806748104
2026-01-06 05:00:00,office-general,21.48760806748104,49.85259440923701,0.9659258262890683,0.25881904510252074,20.581672100589127
2026-01-06 06:00:00,office-general,20.581672100589127,48.37211808805793,1.0,6.123233995736766e-17,20.225209965075
2026-01-06 07:00:00,office-general,20.225209965075,45.94148173002071,0.9659258262890683,-0.25881904510252063,19.79063414503792
2026-01-06 08:00:00,office-general,19.79063414503792,46.55141710348541,0.8660254037844387,-0.49999999999999983,20.283539472359912
2026-01-06 09:00:00,office-general,20.283539472359912,44.79635857163821,0.7071067811865476,-0.7071067811865475,20.41528751228421
2026-01-06 10:00:00,office-general,20.41528751228421,43.63574762128333,0.49999999999999994,-0.8660254037844387,21.344116097351222
2026-01-06 11:00:00,office-general,21.344116097351222,40.03710177705962,0.258819045102521,-0.9659258262890682,21.889177008205504
2026-01-06 12:00:00,office-general,21.889177008205504,40.55928670389753,1.2246467991473532e-16,-1.0,22.60176466426392
2026-01-06 13:00:00,office-general,22.60176466426392,40.034980638347236,-0.2588190451025208,-0.9659258262890683,22.253354417736876
2026-01-06 14:00:00,office-general,22.253354417736876,38.916426541450626,-0.4999999999999998,-0.8660254037844388,21.847599221308045
2026-01-06 15:00:00,office-general,21.847599221308045,40.335683523494865,-0.7071067811865471,-0.7071067811865479,23.00187537391212
2026-01-06 16:00:00,office-general,23.00187537391212,42.55416620744302,-0.8660254037844384,-0.5000000000000004,23.550964737158104
2026-01-06 17:00:00,office-general,23.550964737158104,40.72489177222471,-0.9659258262890683,-0.25881904510252063,23.793256674955174
2026-01-06 18:00:00,office-general,23.793256674955174,44.15829305627884,-1.0,-1.8369701987210297e-16,23.534838441283135
2026-01-06 19:00:00,office-general,23.534838441283135,44.25926411064898,-0.9659258262890684,0.2588190451025203,23.603358508818317
2026-01-06 20:00:00,office-general,23.603358508818317,44.656517451478436,-0.8660254037844386,0.5000000000000001,23.110721340384313
2026-01-06 21:00:00,office-general,23.110721340384313,44.956133392922744,-0.7071067811865477,0.7071067811865474,23.903278346854737
2026-01-06 22:00:00,office-general,23.903278346854737,46.7713594438139,-0.5000000000000004,0.8660254037844384,22.51418853257527
2026-01-06 23:00:00,office-general,22.51418853257527,46.609672958929735,-0.25881904510252157,0.9659258262890681,23.60194793569858
2026-01-07 00:00:00,office-general,23.60194793569858,49.863528915885716,0.0,1.0,22.684518361539176
2026-01-07 01:00:00,office-general,22.684518361539176,50.68219064747631,0.25881904510252074,0.9659258262890683,22.044691785517326
2026-01-07 02:00:00,office-general,22.044691785517326,50.716514488466096,0.49999999999999994,0.8660254037844387,22.275525590154736
2026-01-07 03:00:00,office-general,22.275525590154736,50.409440744964265,0.7071067811865475,0.7071067811865476,21.00594253294656
2026-01-07 04:00:00,office-general,21.00594253294656,49.634744723784394,0.8660254037844386,0.5000000000000001,21.322622967534066
2026-01-07 05:00:00,office-general,21.322622967534066,49.24377302483404,0.9659258262890683,0.25881904510252074,20.81418010759685
2026-01-07 06:00:00,office-general,20.81418010759685,47.08185451619454,1.0,6.123233995736766e-17,20.328890876907867
2026-01-07 07:00:00,office-general,20.328890876907867,46.68088146266132,0.9659258262890683,-0.25881904510252063,20.213389518701433
2026-01-07 08:00:00,office-general,20.213389518701433,44.51173276075813,0.8660254037844387,-0.49999999999999983,21.041104449039448
2026-01-07 09:00:00,office-general,21.041104449039448,46.38237571072343,0.7071067811865476,-0.7071067811865475,21.377308622782092
2026-01-07 10:00:00,office-general,21.377308622782092,42.03555434065395,0.49999999999999994,-0.8660254037844387,21.59284705019624
2026-01-07 11:00:00,office-general,21.59284705019624,42.895429647001556,0.258819045102521,-0.9659258262890682,21.013926467811736
2026-01-07 12:00:00,office-general,21.013926467811736,38.20295870928252,1.2246467991473532e-16,-1.0,21.867333002663766
2026-01-07 13:00:00,office-general,21.867333002663766,37.11539922890026,-0.2588190451025208,-0.9659258262890683,21.903801100049797
2026-01-07 14:00:00,office-general,21.903801100049797,39.82944393518151,-0.4999999999999998,-0.8660254037844388,22.464598259212597
2026-01-07 15:00:00,office-general,22.464598259212597,38.40357100770355,-0.7071067811865471,-0.7071067811865479,23.3764006107004
2026-01-07 16:00:00,office-general,23.3764006107004,39.5131682266733,-0.8660254037844384,-0.5000000000000004,23.783196672428925
2026-01-07 17:00:00,office-general,23.783196672428925,41.71181983305057,-0.9659258262890683,-0.25881904510252063,23.69243570736029
2026-01-07 18:00:00,office-general,23.69243570736029,44.24651730351916,-1.0,-1.8369701987210297e-16,23.310571446666003
2026-01-07 19:00:00,office-general,23.310571446666003,43.19811047575366,-0.9659258262890684,0.2588190451025203,23.72799386828077
2026-01-07 20:00:00,office-general,23.72799386828077,44.46046420717411,-0.8660254037844386,0.5000000000000001,23.922406593068533
2026-01-07 21:00:00,office-general,23.922406593068533,45.2858379911763,-0.7071067811865477,0.7071067811865474,23.400384290632637
2026-01-07 22:00:00,office-general,23.400384290632637,47.13675309863826,-0.5000000000000004,0.8660254037844384,23.439938682478033
2026-01-07 23:00:00,office-general,23.439938682478033,49.11995384882227,-0.25881904510252157,0.9659258262890681,22.305052377027586
2026-01-08 00:00:00,office-general,22.305052377027586,48.7992947682774,0.0,1.0,22.247210041464303
2026-01-08 01:00:00,office-general,22.247210041464303,48.339486504510674,0.25881904510252074,0.9659258262890683,21.523181283826254
2026-01-08 02:00:00,office-general,21.523181283826254,48.4757183278785,0.49999999999999994,0.8660254037844387,22.20604232982408
2026-01-08 03:00:00,office-general,22.20604232982408,49.77984587817358,0.7071067811865475,0.7071067811865476,21.208524922185607
2026-01-08 04:00:00,office-general,21.208524922185607,49.842531506292474,0.8660254037844386,0.5000000000000001,20.664719939261825
2026-01-08 05:00:00,office-general,20.664719939261825,48.80901926781691,0.9659258262890683,0.25881904510252074,20.9211714018314
2026-01-08 06:00:00,office-general,20.9211714018314,46.323100291981376,1.0,6.123233995736766e-17,20.660715359076463
2026-01-08 07:00:00,office-general,20.660715359076463,46.96533870738719,0.9659258262890683,-0.25881904510252063,20.29992513596286
2026-01-08 08:00:00,office-general,20.29992513596286,44.889801609026634,0.8660254037844387,-0.49999999999999983,21.27045603257555
2026-01-08 09:00:00,office-general,21.27045603257555,44.16251710442406,0.7071067811865476,-0.7071067811865475,21.046708880587406
2026-01-08 10:00:00,office-general,21.046708880587406,41.4462071623199,0.49999999999999994,-0.8660254037844387,21.051090484389807
2026-01-08 11:00:00,office-general,21.051090484389807,40.76519993654437,0.258819045102521,-0.9659258262890682,21.699899250434544
2026-01-08 12:00:00,office-general,21.699899250434544,41.39064406430059,1.2246467991473532e-16,-1.0,22.2713247732554
2026-01-08 13:00:00,office-general,22.2713247732554,40.468837799925076,-0.2588190451025208,-0.9659258262890683,21.98241894054109
2026-01-08 14:00:00,office-general,21.98241894054109,41.96954027116494,-0.4999999999999998,-0.8660254037844388,22.00904397527459
2026-01-08 15:00:00,office-general,22.00904397527459,38.30461025652231,-0.7071067811865471,-0.7071067811865479,22.492247445207184
2026-01-08 16:00:00,office-general,22.492247445207184,38.6414497304422,-0.8660254037844384,-0.5000000000000004,23.099707048854146
2026-01-08 17:00:00,office-general,23.099707048854146,40.01038520630375,-0.9659258262890683,-0.25881904510252063,23.312953833052575
2026-01-08 18:00:00,office-general,23.312953833052575,43.18965933979431,-1.0,-1.8369701987210297e-16,23.40681734954929
2026-01-08 19:00:00,office-general,23.40681734954929,44.22609382692344,-0.9659258262890684,0.2588190451025203,23.712778148915742
2026-01-08 20:00:00,office-general,23.712778148915742,46.3974532540964,-0.8660254037844386,0.5000000000000001,23.370314892109302
2026-01-08 21:00:00,office-general,23.370314892109302,47.263732715880586,-0.7071067811865477,0.7071067811865474,23.452173697122458
2026-01-08 22:00:00,office-general,23.452173697122458,46.94606447586805,-0.5000000000000004,0.8660254037844384,23.132828490356655
2026-01-08 23:00:00,office-general,23.132828490356655,50.18207672534192,-0.25881904510252157,0.9659258262890681,23.33271728428117
2026-01-09 00:00:00,office-general,23.33271728428117,49.62352533579685,0.0,1.0,22.20602511903978
2026-01-09 01:00:00,office-general,22.20602511903978,47.41308073844489,0.25881904510252074,0.9659258262890683,22.173348257520338
2026-01-09 02:00:00,office-general,22.173348257520338,50.57225495127256,0.49999999999999994,0.8660254037844387,21.60168597344168
2026-01-09 03:00:00,office-general,21.60168597344168,49.22434981740806,0.7071067811865475,0.7071067811865476,21.43657444098197
2026-01-09 04:00:00,office-general,21.43657444098197,50.15774055063043,0.8660254037844386,0.5000000000000001,21.727066426253305
2026-01-09 05:00:00,office-general,21.727066426253305,47.48834818642873,0.9659258262890683,0.25881904510252074,20.997263926971375
2026-01-09 06:00:00,office-general,20.997263926971375,46.374334157360515,1.0,6.123233995736766e-17,20.47880447096741
2026-01-09 07:00:00,office-general,20.47880447096741,45.628041881473976,0.9659258262890683,-0.25881904510252063,20.27568157977443
2026-01-09 08:00:00,office-general,20.27568157977443,43.83889176997088,0.8660254037844387,-0.49999999999999983,21.230056924512656
2026-01-09 09:00:00,office-general,21.230056924512656,43.56014164423147,0.7071067811865476,-0.7071067811865475,20.518520424035117
2026-01-09 10:00:00,office-general,20.518520424035117,42.11638255896138,0.49999999999999994,-0.8660254037844387,21.388296815437144
2026-01-09 11:00:00,office-general,21.388296815437144,42.84272473837653,0.258819045102521,-0.9659258262890682,21.845980007249103
2026-01-09 12:00:00,office-general,21.845980007249103,39.97169376893265,1.2246467991473532e-16,-1.0,21.52681503880686
2026-01-09 13:00:00,office-general,21.52681503880686,40.297793865110606,-0.2588190451025208,-0.9659258262890683,22.730464249039358
2026-01-09 14:00:00,office-general,22.730464249039358,38.908915218624564,-0.4999999999999998,-0.8660254037844388,22.80848003077476
2026-01-09 15:00:00,office-general,22.80848003077476,41.6076601722248,-0.7071067811865471,-0.7071067811865479,22.394777427804176
2026-01-09 16:00:00,office-general,22.394777427804176,41.03017705864545,-0.8660254037844384,-0.5000000000000004,23.047999661848824
2026-01-09 17:00:00,office-general,23.047999661848824,42.49535592368998,-0.9659258262890683,-0.25881904510252063,23.541581224016635
2026-01-09 18:00:00,office-general,23.541581224016635,42.592838562505825,-1.0,-1.8369701987210297e-16,23.3433703684663
2026-01-09 19:00:00,office-general,23.3433703684663,45.17592311342808,-0.9659258262890684,0.2588190451025203,23.50906440880337
2026-01-09 20:00:00,office-general,23.50906440880337,44.63945923060908,-0.8660254037844386,0.5000000000000001,23.128030797385705
2026-01-09 21:00:00,office-general,23.128030797385705,46.447341285730445,-0.7071067811865477,0.7071067811865474,22.975169248698368
2026-01-09 22:00:00,office-general,22.975169248698368,49.09085277342535,-0.5000000000000004,0.8660254037844384,22.772555444010923
2026-01-09 23:00:00,office-general,22.772555444010923,48.041575516844745,-0.25881904510252157,0.9659258262890681,22.248979844688492
2026-01-10 00:00:00,office-general,22.248979844688492,49.76408705104909,0.0,1.0,22.153727370200475
2026-01-10 01:00:00,office-general,22.153727370200475,49.54866945913425,0.25881904510252074,0.9659258262890683,22.361484199891102
2026-01-10 02:00:00,office-general,22.361484199891102,50.076946893421635,0.49999999999999994,0.8660254037844387,21.799427585408587
2026-01-10 03:00:00,office-general,21.799427585408587,49.11370706958175,0.7071067811865475,0.7071067811865476,21.449099912311897
2026-01-10 04:00:00,office-general,21.449099912311897,50.00532976258869,0.8660254037844386,0.5000000000000001,21.301427729408015
2026-01-10 05:00:00,office-general,21.301427729408015,48.42585056031084,0.9659258262890683,0.25881904510252074,21.315864926882746
2026-01-10 06:00:00,office-general,21.315864926882746,47.20423793274967,1.0,6.123233995736766e-17,20.85937251904074
2026-01-10 07:00:00,office-general,20.85937251904074,46.065340459498465,0.9659258262890683,-0.25881904510252063,20.688115028124976
2026-01-10 08:00:00,office-general,20.688115028124976,45.21138853937785,0.8660254037844387,-0.49999999999999983,20.244279641700004
2026-01-10 09:00:00,office-general,20.244279641700004,44.93729874337382,0.7071067811865476,-0.7071067811865475,20.889677477694587
2026-01-10 10:00:00,office-general,20.889677477694587,41.639001274831706,0.49999999999999994,-0.8660254037844387,20.711131756980365
2026-01-10 11:00:00,office-general,20.711131756980365,41.458337137196985,0.258819045102521,-0.9659258262890682,20.683291864513794
2026-01-10 12:00:00,office-general,20.683291864513794,39.48283605482256,1.2246467991473532e-16,-1.0,21.88778893646953
2026-01-10 13:00:00,office-general,21.88778893646953,39.34102401951551,-0.2588190451025208,-0.9659258262890683,22.061565374766182
2026-01-10 14:00:00,office-general,22.061565374766182,39.789259727648954,-0.4999999999999998,-0.8660254037844388,22.340778181261825
2026-01-10 15:00:00,office-general,22.340778181261825,41.488352982591366,-0.7071067811865471,-0.7071067811865479,23.130003415983214
2026-01-10 16:00:00,office-general,23.130003415983214,40.04069478141775,-0.8660254037844384,-0.5000000000000004,22.99561453425553
2026-01-10 17:00:00,office-general,22.99561453425553,40.781422413602314,-0.9659258262890683,-0.25881904510252063,23.17953461057713
2026-01-10 18:00:00,office-general,23.17953461057713,43.49725286657247,-1.0,-1.8369701987210297e-16,23.248324292088206
2026-01-10 19:00:00,office-general,23.248324292088206,44.88346143162698,-0.9659258262890684,0.2588190451025203,23.50968399078881
2026-01-10 20:00:00,office-general,23.50968399078881,44.261344281673814,-0.8660254037844386,0.5000000000000001,23.64513564381033
2026-01-10 21:00:00,office-general,23.64513564381033,47.02983621571874,-0.7071067811865477,0.7071067811865474,23.138629503112366
2026-01-10 22:00:00,office-general,23.138629503112366,46.94703204615225,-0.5000000000000004,0.8660254037844384,22.827417793429763
2026-01-10 23:00:00,office-general,22.827417793429763,49.343507610219675,-0.25881904510252157,0.9659258262890681,23.444302091201877
2026-01-11 00:00:00,office-general,23.444302091201877,49.38427411004753,0.0,1.0,22.698398155652793
2026-01-11 01:00:00,office-general,22.698398155652793,49.84409333070053,0.25881904510252074,0.9659258262890683,21.353322919939284
2026-01-11 02:00:00,office-general,21.353322919939284,49.60894630743994,0.49999999999999994,0.8660254037844387,21.32394669428994
2026-01-11 03:00:00,office-general,21.32394669428994,48.8680364758129,0.7071067811865475,0.7071067811865476,21.382533569596166
2026-01-11 04:00:00,office-general,21.382533569596166,48.7895760295258,0.8660254037844386,0.5000000000000001,21.47000912732441
2026-01-11 05:00:00,office-general,21.47000912732441,50.056904697404015,0.9659258262890683,0.25881904510252074,20.261368498976417
2026-01-11 06:00:00,office-general,20.261368498976417,47.26116306836762,1.0,6.123233995736766e-17,20.737986665037052
2026-01-11 07:00:00,office-general,20.737986665037052,46.543177066891815,0.9659258262890683,-0.25881904510252063,20.21081646571663
2026-01-11 08:00:00,office-general,20.21081646571663,46.98217072404371,0.8660254037844387,-0.49999999999999983,20.68078720707726
2026-01-11 09:00:00,office-general,20.68078720707726,44.167124525089626,0.7071067811865476,-0.7071067811865475,20.99895435087511
2026-01-11 10:00:00,office-general,20.99895435087511,40.9364561343024,0.49999999999999994,-0.8660254037844387,20.504662506763662
2026-01-11 11:00:00,office-general,20.504662506763662,41.82810900450831,0.258819045102521,-0.9659258262890682,21.063183989359498
2026-01-11 12:00:00,office-general,21.063183989359498,39.540710200450235,1.2246467991473532e-16,-1.0,21.76082921143484
2026-01-11 13:00:00,office-general,21.76082921143484,38.43396129866909,-0.2588190451025208,-0.9659258262890683,22.00250564128467
2026-01-11 14:00:00,office-general,22.00250564128467,40.22397359510098,-0.4999999999999998,-0.8660254037844388,22.57573438630217
2026-01-11 15:00:00,office-general,22.57573438630217,40.651005844687404,-0.7071067811865471,-0.7071067811865479,22.684661156953975
2026-01-11 16:00:00,office-general,22.684661156953975,39.74423089175571,-0.8660254037844384,-0.5000000000000004,22.620990253643203
2026-01-11 17:00:00,office-general,22.620990253643203,41.63064122053679,-0.9659258262890683,-0.25881904510252063,23.809161640868794
2026-01-11 18:00:00,office-general,23.809161640868794,41.75847319534006,-1.0,-1.8369701987210297e-16,23.286188432029654
2026-01-11 19:00:00,office-general,23.286188432029654,44.70842868436736,-0.9659258262890684,0.2588190451025203,23.733136980718555
2026-01-11 20:00:00,office-general,23.733136980718555,45.54891892240467,-0.8660254037844386,0.5000000000000001,23.16684985385281
2026-01-11 21:00:00,office-general,23.16684985385281,45.87385958567965,-0.7071067811865477,0.7071067811865474,23.15081783747396
2026-01-11 22:00:00,office-general,23.15081783747396,48.7170299362516,-0.5000000000000004,0.8660254037844384,22.728295191560637
2026-01-11 23:00:00,office-general,22.728295191560637,48.45407337339003,-0.25881904510252157,0.9659258262890681,22.729813340255074
2026-01-12 00:00:00,office-general,22.729813340255074,49.76821026914852,0.0,1.0,22.2371381813797
2026-01-12 01:00:00,office-general,22.2371381813797,50.71691843050487,0.25881904510252074,0.9659258262890683,22.211602467012817
2026-01-12 02:00:00,office-general,22.211602467012817,51.60497215595837,0.49999999999999994,0.8660254037844387,22.105545395109388
2026-01-12 03:00:00,office-general,22.105545395109388,49.73859873424248,0.7071067811865475,0.7071067811865476,21.354355577957506
2026-01-12 04:00:00,office-general,21.354355577957506,49.036309182823295,0.8660254037844386,0.5000000000000001,21.16717226299369
2026-01-12 05:00:00,office-general,21.16717226299369,48.237585831320395,0.9659258262890683,0.25881904510252074,20.892036385508966
2026-01-12 06:00:00,office-general,20.892036385508966,48.547570514655504,1.0,6.123233995736766e-17,21.11807890930145
2026-01-12 07:00:00,office-general,21.11807890930145,46.960855833631086,0.9659258262890683,-0.25881904510252063,20.69011053030122
2026-01-12 08:00:00,office-general,20.69011053030122,45.22581781243851,0.8660254037844387,-0.49999999999999983,20.513458264589676
2026-01-12 09:00:00,office-general,20.513458264589676,42.68269913345316,0.7071067811865476,-0.7071067811865475,20.454770800528344
2026-01-12 10:00:00,office-general,20.454770800528344,42.686657606430686,0.49999999999999994,-0.8660254037844387,21.40998446103147
2026-01-12 11:00:00,office-general,21.40998446103147,41.86618741854221,0.258819045102521,-0.9659258262890682,21.120458788575007
2026-01-12 12:00:00,office-general,21.120458788575007,40.465167655387134,1.2246467991473532e-16,-1.0,21.707788695483053
2026-01-12 13:00:00,office-general,21.707788695483053,39.9157783751931,-0.2588190451025208,-0.9659258262890683,21.582529221395827
2026-01-12 14:00:00,office-general,21.582529221395827,39.94739146128974,-0.4999999999999998,-0.8660254037844388,22.21530393137604
2026-01-12 15:00:00,office-general,22.21530393137604,39.8117169242273,-0.7071067811865471,-0.7071067811865479,22.977247793522668
2026-01-12 16:00:00,office-general,22.977247793522668,42.11966593258251,-0.8660254037844384,-0.5000000000000004,22.949972290221893
2026-01-12 17:00:00,office-general,22.949972290221893,43.78586041790305,-0.9659258262890683,-0.25881904510252063,22.932770391960613
2026-01-12 18:00:00,office-general,22.932770391960613,42.9944377516549,-1.0,-1.8369701987210297e-16,23.56839221044056
2026-01-12 19:00:00,office-general,23.56839221044056,44.70533188795057,-0.9659258262890684,0.2588190451025203,23.319146130039897
2026-01-12 20:00:00,office-general,23.319146130039897,45.364066358709664,-0.8660254037844386,0.5000000000000001,23.28869020145695
2026-01-12 21:00:00,office-general,23.28869020145695,46.40225927368184,-0.7071067811865477,0.7071067811865474,23.22298047438721
2026-01-12 22:00:00,office-general,23.22298047438721,46.801077874820265,-0.5000000000000004,0.8660254037844384,23.521589137638326
2026-01-12 23:00:00,office-general,23.521589137638326,48.04762264627955,-0.25881904510252157,0.9659258262890681,23.308009089898498
2026-01-13 00:00:00,office-general,23.308009089898498,49.94606755914562,0.0,1.0,21.893572287514505
2026-01-13 01:00:00,office-general,21.893572287514505,49.36191822954192,0.25881904510252074,0.9659258262890683,22.366229156254395
2026-01-13 02:00:00,office-general,22.366229156254395,51.37358292396534,0.49999999999999994,0.8660254037844387,21.800886643834076
2026-01-13 03:00:00,office-general,21.800886643834076,48.50452852693168,0.7071067811865475,0.7071067811865476,21.31405511421721
2026-01-13 04:00:00,office-general,21.31405511421721,50.79354187901622,0.8660254037844386,0.5000000000000001,20.47287913567311
2026-01-13 05:00:00,office-general,20.47287913567311,49.20639720783756,0.9659258262890683,0.25881904510252074,20.77915881790349
2026-01-13 06:00:00,office-general,20.77915881790349,48.74270379997401,1.0,6.123233995736766e-17,21.11030069373721
2026-01-13 07:00:00,office-general,21.11030069373721,46.297704471888274,0.9659258262890683,-0.25881904510252063,20.45762701289869
2026-01-13 08:00:00,office-general,20.45762701289869,44.137693409474565,0.8660254037844387,-0.49999999999999983,20.4914481793498
2026-01-13 09:00:00,office-general,20.4914481793498,43.915871418245,0.7071067811865476,-0.7071067811865475,20.869689626803808
2026-01-13 10:00:00,office-general,20.869689626803808,42.27541551508074,0.49999999999999994,-0.8660254037844387,21.679480806032704
2026-01-13 11:00:00,office-general,21.679480806032704,41.04506671926925,0.258819045102521,-0.9659258262890682,21.419148713928962
2026-01-13 12:00:00,office-general,21.419148713928962,40.72841491377914,1.2246467991473532e-16,-1.0,22.592465583076553
2026-01-13 13:00:00,office-general,22.592465583076553,41.209714857483604,-0.2588190451025208,-0.9659258262890683,22.361749984938776
2026-01-13 14:00:00,office-general,22.361749984938776,39.03900113082837,-0.4999999999999998,-0.8660254037844388,22.53632649982533
2026-01-13 15:00:00,office-general,22.53632649982533,40.54874025992197,-0.7071067811865471,-0.7071067811865479,22.902902166273755
2026-01-13 16:00:00,office-general,22.902902166273755,40.22214973386057,-0.8660254037844384,-0.5000000000000004,23.292552756847048
2026-01-13 17:00:00,office-general,23.292552756847048,40.94677032140076,-0.9659258262890683,-0.25881904510252063,23.496900931415485
2026-01-13 18:00:00,office-general,23.496900931415485,42.122609624616096,-1.0,-1.8369701987210297e-16,24.050346794107032
2026-01-13 19:00:00,office-general,24.050346794107032,44.21363770702004,-0.9659258262890684,0.2588190451025203,23.267232239608376
2026-01-13 20:00:00,office-general,23.267232239608376,45.05401778894397,-0.8660254037844386,0.5000000000000001,23.594729965192837
2026-01-13 21:00:00,office-general,23.594729965192837,45.18364195626095,-0.7071067811865477,0.7071067811865474,23.56864392951597
2026-01-13 22:00:00,office-general,23.56864392951597,47.8099787277911,-0.5000000000000004,0.8660254037844384,23.292830194021974
2026-01-13 23:00:00,office-general,23.292830194021974,50.04197500238131,-0.25881904510252157,0.9659258262890681,22.460078325865904
2026-01-14 00:00:00,office-general,22.460078325865904,50.11069861621931,0.0,1.0,22.270290624522158
2026-01-14 01:00:00,office-general,22.270290624522158,49.61601487501231,0.25881904510252074,0.9659258262890683,22.317715688650793
2026-01-14 02:00:00,office-general,22.317715688650793,49.235899863497146,0.49999999999999994,0.8660254037844387,21.17492033218125
2026-01-14 03:00:00,office-general,21.17492033218125,50.590427034223985,0.7071067811865475,0.7071067811865476,21.05840805239826
2026-01-14 04:00:00,office-general,21.05840805239826,49.48422026167452,0.8660254037844386,0.5000000000000001,20.939397891560834
2026-01-14 05:00:00,office-general,20.939397891560834,47.23974831556408,0.9659258262890683,0.25881904510252074,20.589750311039687
2026-01-14 06:00:00,office-general,20.589750311039687,45.49133323910825,1.0,6.123233995736766e-17,20.867329726920328
2026-01-14 07:00:00,office-general,20.867329726920328,46.92048001128206,0.9659258262890683,-0.25881904510252063,21.36802088488807
2026-01-14 08:00:00,office-general,21.36802088488807,45.3472270412236,0.8660254037844387,-0.49999999999999983,20.71317359878036
2026-01-14 09:00:00,office-general,20.71317359878036,43.78008245752536,0.7071067811865476,-0.7071067811865475,21.13403030254489
2026-01-14 10:00:00,office-general,21.13403030254489,43.29244293408742,0.49999999999999994,-0.8660254037844387,20.978261490575868
2026-01-14 11:00:00,office-general,20.978261490575868,40.788029857736305,0.258819045102521,-0.9659258262890682,21.270593858572095
2026-01-14 12:00:00,office-general,21.270593858572095,41.486065256844356,1.2246467991473532e-16,-1.0,21.835449765768864
2026-01-14 13:00:00,office-general,21.835449765768864,42.22039183242817,-0.2588190451025208,-0.9659258262890683,22.22706245282639
2026-01-14 14:00:00,office-general,22.22706245282639,39.299462992922365,-0.4999999999999998,-0.8660254037844388,22.705018217099262
2026-01-14 15:00:00,office-general,22.705018217099262,38.88627194927542,-0.7071067811865471,-0.7071067811865479,22.893271227040273
2026-01-14 16:00:00,office-general,22.893271227040273,39.265277610334834,-0.8660254037844384,-0.5000000000000004,22.459015042095345
2026-01-14 17:00:00,office-general,22.459015042095345,39.74900846863021,-0.9659258262890683,-0.25881904510252063,23.629041021873423
2026-01-14 18:00:00,office-general,23.629041021873423,42.88834185234252,-1.0,-1.8369701987210297e-16,23.51923394754759
2026-01-14 19:00:00,office-general,23.51923394754759,42.902090053463645,-0.9659258262890684,0.2588190451025203,23.393688608785787
2026-01-14 20:00:00,office-general,23.393688608785787,43.83523142413058,-0.8660254037844386,0.5000000000000001,23.750102430009534
2026-01-14 21:00:00,office-general,23.750102430009534,45.91675549984625,-0.7071067811865477,0.7071067811865474,22.74466168760459
2026-01-14 22:00:00,office-general,22.74466168760459,47.345939135961764,-0.5000000000000004,0.8660254037844384,23.496591855845573
2026-01-14 23:00:00,office-general,23.496591855845573,49.1547748721633,-0.25881904510252157,0.9659258262890681,22.953452750366978
2026-01-15 00:00:00,office-general,22.953452750366978,49.95776984521626,0.0,1.0,22.317466122103124
2026-01-15 01:00:00,office-general,22.317466122103124,48.28667377517468,0.25881904510252074,0.9659258262890683,21.90510327640294
2026-01-15 02:00:00,office-general,21.90510327640294,50.46147342588214,0.49999999999999994,0.8660254037844387,21.030776302783035
2026-01-15 03:00:00,office-general,21.030776302783035,51.32768772371087,0.7071067811865475,0.7071067811865476,21.319952451947202
2026-01-15 04:00:00,office-general,21.319952451947202,51.105892225728546,0.8660254037844386,0.5000000000000001,21.07242646872678
2026-01-15 05:00:00,office-general,21.07242646872678,47.185839642394214,0.9659258262890683,0.25881904510252074,20.79963538596657
2026-01-15 06:00:00,office-general,20.79963538596657,47.30569399427921,1.0,6.123233995736766e-17,20.800361204502195
2026-01-15 07:00:00,office-general,20.800361204502195,46.0536194725984,0.9659258262890683,-0.25881904510252063,20.468249220098013
2026-01-15 08:00:00,office-general,20.468249220098013,43.641289710133805,0.8660254037844387,-0.49999999999999983,20.78484345092161
2026-01-15 09:00:00,office-general,20.78484345092161,44.655693531582585,0.7071067811865476,-0.7071067811865475,20.80433402857073
2026-01-15 10:00:00,office-general,20.80433402857073,44.83663919686031,0.49999999999999994,-0.8660254037844387,20.75864966704373
2026-01-15 11:00:00,office-general,20.75864966704373,43.33965634516585,0.258819045102521,-0.9659258262890682,21.600417340605297
2026-01-15 12:00:00,office-general,21.600417340605297,40.95670337166249,1.2246467991473532e-16,-1.0,21.472361778110116
2026-01-15 13:00:00,office-general,21.472361778110116,38.589141598480424,-0.2588190451025208,-0.9659258262890683,22.351539825402305
2026-01-15 14:00:00,office-general,22.351539825402305,40.0434739003039,-0.4999999999999998,-0.8660254037844388,22.801876695840342
2026-01-15 15:00:00,office-general,22.801876695840342,39.67710347498244,-0.7071067811865471,-0.7071067811865479,23.121795007651496
2026-01-15 16:00:00,office-general,23.121795007651496,40.96745785488581,-0.8660254037844384,-0.5000000000000004,23.312989586455057
2026-01-15 17:00:00,office-general,23.312989586455057,43.537504913435626,-0.9659258262890683,-0.25881904510252063,23.72028707932015
2026-01-15 18:00:00,office-general,23.72028707932015,42.32278306347889,-1.0,-1.8369701987210297e-16,23.378952643015328
2026-01-15 19:00:00,office-general,23.378952643015328,42.69991005617694,-0.9659258262890684,0.2588190451025203,23.050287400339414
2026-01-15 20:00:00,office-general,23.050287400339414,43.86845385369461,-0.8660254037844386,0.5000000000000001,23.63430982434755
2026-01-15 21:00:00,office-general,23.63430982434755,44.56802279741453,-0.7071067811865477,0.7071067811865474,23.767076220455625
2026-01-15 22:00:00,office-general,23.767076220455625,49.02621106968883,-0.5000000000000004,0.8660254037844384,23.675630585794167
2026-01-15 23:00:00,office-general,23.675630585794167,48.431831732846824,-0.25881904510252157,0.9659258262890681,23.661425155223405
2026-01-16 00:00:00,office-general,23.661425155223405,49.82686483626419,0.0,1.0,22.358241155666306
2026-01-16 01:00:00,office-general,22.358241155666306,48.81300453070656,0.25881904510252074,0.9659258262890683,21.92257512393409
2026-01-16 02:00:00,office-general,21.92257512393409,49.5949287850619,0.49999999999999994,0.8660254037844387,21.900984341520356
2026-01-16 03:00:00,office-general,21.900984341520356,49.66201582700713,0.7071067811865475,0.7071067811865476,21.820819241281658
2026-01-16 04:00:00,office-general,21.820819241281658,51.16521721455417,0.8660254037844386,0.5000000000000001,21.75843984871488
2026-01-16 05:00:00,office-general,21.75843984871488,48.314338847824494,0.9659258262890683,0.25881904510252074,21.251466520738866
2026-01-16 06:00:00,office-general,21.251466520738866,48.40177860335054,1.0,6.123233995736766e-17,20.991427356013205
2026-01-16 07:00:00,office-general,20.991427356013205,46.1258631629043,0.9659258262890683,-0.25881904510252063,20.664611607902028
2026-01-16 08:00:00,office-general,20.664611607902028,45.78198402777045,0.8660254037844387,-0.49999999999999983,19.98316682799975
2026-01-16 09:00:00,office-general,19.98316682799975,42.57862982804888,0.7071067811865476,-0.7071067811865475,21.31821616848256
2026-01-16 10:00:00,office-general,21.31821616848256,43.64357656752827,0.49999999999999994,-0.8660254037844387,21.487478352085482
2026-01-16 11:00:00,office-general,21.487478352085482,42.40366873042502,0.258819045102521,-0.9659258262890682,21.14582062826957
2026-01-16 12:00:00,office-general,21.14582062826957,40.4550704375103,1.2246467991473532e-16,-1.0,21.584379028689515
2026-01-16 13:00:00,office-general,21.584379028689515,40.45846702678321,-0.2588190451025208,-0.9659258262890683,22.39672282597383
2026-01-16 14:00:00,office-general,22.39672282597383,38.680103303184126,-0.4999999999999998,-0.8660254037844388,22.10232587332524
2026-01-16 15:00:00,office-general,22.10232587332524,38.65106853277684,-0.7071067811865471,-0.7071067811865479,22.149263749576246
2026-01-16 16:00:00,office-general,22.149263749576246,41.93173517150176,-0.8660254037844384,-0.5000000000000004,23.258393187265604
2026-01-16 17:00:00,office-general,23.258393187265604,41.515979822929715,-0.9659258262890683,-0.25881904510252063,23.368708647021997
2026-01-16 18:00:00,office-general,23.368708647021997,42.53594776774005,-1.0,-1.8369701987210297e-16,23.756967290504676
2026-01-16 19:00:00,office-general,23.756967290504676,43.86218972692379,-0.9659258262890684,0.2588190451025203,23.51370592172945
2026-01-16 20:00:00,office-general,23.51370592172945,46.41995927010004,-0.8660254037844386,0.5000000000000001,23.91905825772963
2026-01-16 21:00:00,office-general,23.91905825772963,47.41426785856841,-0.7071067811865477,0.7071067811865474,23.583655231127516
2026-01-16 22:00:00,office-general,23.583655231127516,48.77196141791595,-0.5000000000000004,0.8660254037844384,23.395881855021496
2026-01-16 23:00:00,office-general,23.395881855021496,47.36322013075262,-0.25881904510252157,0.9659258262890681,22.839833712865502
2026-01-17 00:00:00,office-general,22.839833712865502,49.0992950034245,0.0,1.0,23.42849404838018
2026-01-17 01:00:00,office-general,23.42849404838018,49.17770506527396,0.25881904510252074,0.9659258262890683,22.35922280888541
2026-01-17 02:00:00,office-general,22.35922280888541,50.59436000792217,0.49999999999999994,0.8660254037844387,21.52753851875026
2026-01-17 03:00:00,office-general,21.52753851875026,50.33520308063735,0.7071067811865475,0.7071067811865476,21.650658572287117
2026-01-17 04:00:00,office-general,21.650658572287117,48.16365907274421,0.8660254037844386,0.5000000000000001,20.680265550091715
2026-01-17 05:00:00,office-general,20.680265550091715,51.28136048534032,0.9659258262890683,0.25881904510252074,20.40745670304913
2026-01-17 06:00:00,office-general,20.40745670304913,47.02475746454445,1.0,6.123233995736766e-17,20.4371363662813
2026-01-17 07:00:00,office-general,20.4371363662813,47.13851799228014,0.9659258262890683,-0.25881904510252063,20.844393137188344
2026-01-17 08:00:00,office-general,20.844393137188344,46.29371408395094,0.8660254037844387,-0.49999999999999983,21.079385614742645
2026-01-17 09:00:00,office-general,21.079385614742645,43.79077275824342,0.7071067811865476,-0.7071067811865475,20.58940384728233
2026-01-17 10:00:00,office-general,20.58940384728233,42.51289634802979,0.49999999999999994,-0.8660254037844387,20.803354318297725
2026-01-17 11:00:00,office-general,20.803354318297725,40.93721801267212,0.258819045102521,-0.9659258262890682,20.924915649863127
2026-01-17 12:00:00,office-general,20.924915649863127,41.76761660301302,1.2246467991473532e-16,-1.0,20.764281340870564
2026-01-17 13:00:00,office-general,20.764281340870564,39.19881580447772,-0.2588190451025208,-0.9659258262890683,22.44709128963179
2026-01-17 14:00:00,office-general,22.44709128963179,40.12376604841827,-0.4999999999999998,-0.8660254037844388,22.903784567061503
2026-01-17 15:00:00,office-general,22.903784567061503,38.341820867627995,-0.7071067811865471,-0.7071067811865479,22.807343068602922
2026-01-17 16:00:00,office-general,22.807343068602922,42.651507570702954,-0.8660254037844384,-0.5000000000000004,22.99599846655559
2026-01-17 17:00:00,office-general,22.99599846655559,42.026204169171635,-0.9659258262890683,-0.25881904510252063,23.768170905215516
2026-01-17 18:00:00,office-general,23.768170905215516,43.8026305769125,-1.0,-1.8369701987210297e-16,23.732156425445165
2026-01-17 19:00:00,office-general,23.732156425445165,42.5475657567422,-0.9659258262890684,0.2588190451025203,23.277842191408098
2026-01-17 20:00:00,office-general,23.277842191408098,44.75806015981064,-0.8660254037844386,0.5000000000000001,23.831537919027777
2026-01-17 21:00:00,office-general,23.831537919027777,46.567227114272804,-0.7071067811865477,0.7071067811865474,23.448313139621455
2026-01-17 22:00:00,office-general,23.448313139621455,47.96744058812449,-0.5000000000000004,0.8660254037844384,23.458459085574816
2026-01-17 23:00:00,office-general,23.458459085574816,50.43285549440357,-0.25881904510252157,0.9659258262890681,22.209141791291554
2026-01-18 00:00:00,office-general,22.209141791291554,50.77246361264903,0.0,1.0,23.14347480070895
2026-01-18 01:00:00,office-general,23.14347480070895,48.81727474902181,0.25881904510252074,0.9659258262890683,22.109203944010147
2026-01-18 02:00:00,office-general,22.109203944010147,48.90094568426117,0.49999999999999994,0.8660254037844387,21.935121001512226
2026-01-18 03:00:00,office-general,21.935121001512226,48.85245067930398,0.7071067811865475,0.7071067811865476,21.26740362544833
2026-01-18 04:00:00,office-general,21.26740362544833,49.622915501073734,0.8660254037844386,0.5000000000000001,20.281597614835793
2026-01-18 05:00:00,office-general,20.281597614835793,48.26141810195912,0.9659258262890683,0.25881904510252074,20.906198645307846
2026-01-18 06:00:00,office-general,20.906198645307846,47.27372941671408,1.0,6.123233995736766e-17,20.957739797693097
2026-01-18 07:00:00,office-general,20.957739797693097,47.89732516578516,0.9659258262890683,-0.25881904510252063,21.379202877462074
2026-01-18 08:00:00,office-general,21.379202877462074,45.626769816433935,0.8660254037844387,-0.49999999999999983,20.904360370401072
2026-01-18 09:00:00,office-general,20.904360370401072,44.00726138957818,0.7071067811865476,-0.7071067811865475,20.939588564350807
2026-01-18 10:00:00,office-general,20.939588564350807,41.52602847713401,0.49999999999999994,-0.8660254037844387,21.487332603953064
2026-01-18 11:00:00,office-general,21.487332603953064,40.67315222632189,0.258819045102521,-0.9659258262890682,21.74311430331855
2026-01-18 12:00:00,office-general,21.74311430331855,37.545518332617334,1.2246467991473532e-16,-1.0,21.490672975101592
2026-01-18 13:00:00,office-general,21.490672975101592,39.58903919115151,-0.2588190451025208,-0.9659258262890683,21.920748758300864
2026-01-18 14:00:00,office-general,21.920748758300864,39.315320122501625,-0.4999999999999998,-0.8660254037844388,21.830800626979972
2026-01-18 15:00:00,office-general,21.830800626979972,40.01336780428026,-0.7071067811865471,-0.7071067811865479,22.889194390725308
2026-01-18 16:00:00,office-general,22.889194390725308,40.44376042649512,-0.8660254037844384,-0.5000000000000004,23.135470805852144
2026-01-18 17:00:00,office-general,23.135470805852144,40.697054568699436,-0.9659258262890683,-0.25881904510252063,22.7968548630376
2026-01-18 18:00:00,office-general,22.7968548630376,43.06883961792561,-1.0,-1.8369701987210297e-16,24.185068693949795
2026-01-18 19:00:00,office-general,24.185068693949795,44.93471546590317,-0.9659258262890684,0.2588190451025203,23.1270468927548
2026-01-18 20:00:00,office-general,23.1270468927548,43.97064633359231,-0.8660254037844386,0.5000000000000001,23.82384982644163
2026-01-18 21:00:00,office-general,23.82384982644163,47.88794113710915,-0.7071067811865477,0.7071067811865474,24.059979457191858
2026-01-18 22:00:00,office-general,24.059979457191858,48.08320398469323,-0.5000000000000004,0.8660254037844384,23.222939244757256
2026-01-18 23:00:00,office-general,23.222939244757256,47.99977742659548,-0.25881904510252157,0.9659258262890681,22.404360864240566
2026-01-19 00:00:00,office-general,22.404360864240566,49.556035453813635,0.0,1.0,22.217068141143216
2026-01-19 01:00:00,office-general,22.217068141143216,50.485905669783946,0.25881904510252074,0.9659258262890683,22.448598940484423
2026-01-19 02:00:00,office-general,22.448598940484423,50.94419507006655,0.49999999999999994,0.8660254037844387,21.718581953091075
2026-01-19 03:00:00,office-general,21.718581953091075,49.964807297783885,0.7071067811865475,0.7071067811865476,21.62945761069782
2026-01-19 04:00:00,office-general,21.62945761069782,48.54515020576471,0.8660254037844386,0.5000000000000001,20.604611961533355
2026-01-19 05:00:00,office-general,20.604611961533355,47.6012119289051,0.9659258262890683,0.25881904510252074,21.084368238770466
2026-01-19 06:00:00,office-general,21.084368238770466,48.34271179813359,1.0,6.123233995736766e-17,20.887148661898124
2026-01-19 07:00:00,office-general,20.887148661898124,46.034360552922756,0.9659258262890683,-0.25881904510252063,20.616198342744916
2026-01-19 08:00:00,office-general,20.616198342744916,45.84045282405516,0.8660254037844387,-0.49999999999999983,20.55738131600382
2026-01-19 09:00:00,office-general,20.55738131600382,41.664505390280155,0.7071067811865476,-0.7071067811865475,21.22370069914074
2026-01-19 10:00:00,office-general,21.22370069914074,42.361656557399286,0.49999999999999994,-0.8660254037844387,21.171732519432016
2026-01-19 11:00:00,office-general,21.171732519432016,41.420849962410095,0.258819045102521,-0.9659258262890682,21.1064928022579
2026-01-19 12:00:00,office-general,21.1064928022579,40.10058877885468,1.2246467991473532e-16,-1.0,21.824523862466126
2026-01-19 13:00:00,office-general,21.824523862466126,40.521197976288896,-0.2588190451025208,-0.9659258262890683,22.951212241627932
2026-01-19 14:00:00,office-general,22.951212241627932,41.64189103504742,-0.4999999999999998,-0.8660254037844388,22.48748882128953
2026-01-19 15:00:00,office-general,22.48748882128953,41.18176441478368,-0.7071067811865471,-0.7071067811865479,23.125438343311092
2026-01-19 16:00:00,office-general,23.125438343311092,41.33029375559955,-0.8660254037844384,-0.5000000000000004,23.44467341723389
2026-01-19 17:00:00,office-general,23.44467341723389,41.57799721674607,-0.9659258262890683,-0.25881904510252063,23.410438978056476
2026-01-19 18:00:00,office-general,23.410438978056476,41.599858228932895,-1.0,-1.8369701987210297e-16,24.090118829146615
2026-01-19 19:00:00,office-general,24.090118829146615,43.895944546158674,-0.9659258262890684,0.2588190451025203,24.129116234882094
2026-01-19 20:00:00,office-general,24.129116234882094,45.62031500978395,-0.8660254037844386,0.5000000000000001,23.85637546540222
2026-01-19 21:00:00,office-general,23.85637546540222,45.776982513901,-0.7071067811865477,0.7071067811865474,23.308562519791515
2026-01-19 22:00:00,office-general,23.308562519791515,49.54771418683125,-0.5000000000000004,0.8660254037844384,22.72669036376313
2026-01-19 23:00:00,office-general,22.72669036376313,48.552278152952645,-0.25881904510252157,0.9659258262890681,22.770103569102247
2026-01-20 00:00:00,office-general,22.770103569102247,49.5498419514266,0.0,1.0,22.70852842169819
2026-01-20 01:00:00,office-general,22.70852842169819,48.83620166199777,0.25881904510252074,0.9659258262890683,22.335527285034644
2026-01-20 02:00:00,office-general,22.335527285034644,49.99952370765341,0.49999999999999994,0.8660254037844387,21.61576005621856
2026-01-20 03:00:00,office-general,21.61576005621856,50.907333770787346,0.7071067811865475,0.7071067811865476,21.50727844116667
2026-01-20 04:00:00,office-general,21.50727844116667,50.50220728365338,0.8660254037844386,0.5000000000000001,20.942568886791445
2026-01-20 05:00:00,office-general,20.942568886791445,48.461927070731264,0.9659258262890683,0.25881904510252074,21.810009922505202
2026-01-20 06:00:00,office-general,21.810009922505202,47.47603413929714,1.0,6.123233995736766e-17,20.550170484438564
2026-01-20 07:00:00,office-general,20.550170484438564,46.071972922354064,0.9659258262890683,-0.25881904510252063,20.383210668154273
2026-01-20 08:00:00,office-general,20.383210668154273,44.15826279622138,0.8660254037844387,-0.49999999999999983,20.453450783350753
2026-01-20 09:00:00,office-general,20.453450783350753,44.85954467219461,0.7071067811865476,-0.7071067811865475,20.6156543744654
2026-01-20 10:00:00,office-general,20.6156543744654,42.79316957259231,0.49999999999999994,-0.8660254037844387,20.855701362706295
2026-01-20 11:00:00,office-general,20.855701362706295,42.14581844106336,0.258819045102521,-0.9659258262890682,21.166045647948287
2026-01-20 12:00:00,office-general,21.166045647948287,40.48854804546503,1.2246467991473532e-16,-1.0,22.04065079964704
2026-01-20 13:00:00,office-general,22.04065079964704,37.30256036516323,-0.2588190451025208,-0.9659258262890683,22.554873312043902
2026-01-20 14:00:00,office-general,22.554873312043902,40.754849422883396,-0.4999999999999998,-0.8660254037844388,22.657466614971504
2026-01-20 15:00:00,office-general,22.657466614971504,41.28000966677028,-0.7071067811865471,-0.7071067811865479,22.900394425751895
2026-01-20 16:00:00,office-general,22.900394425751895,40.30525163555986,-0.8660254037844384,-0.5000000000000004,23.759354373959336
2026-01-20 17:00:00,office-general,23.759354373959336,42.141208933837,-0.9659258262890683,-0.25881904510252063,23.71539734565613
2026-01-20 18:00:00,office-general,23.71539734565613,43.88416512810671,-1.0,-1.8369701987210297e-16,24.183053025674553
2026-01-20 19:00:00,office-general,24.183053025674553,44.86053177546987,-0.9659258262890684,0.2588190451025203,23.347496389361766
2026-01-20 20:00:00,office-general,23.347496389361766,44.142319130342884,-0.8660254037844386,0.5000000000000001,23.878768147713817
2026-01-20 21:00:00,office-general,23.878768147713817,47.81718364025492,-0.7071067811865477,0.7071067811865474,23.620427465274624
2026-01-20 22:00:00,office-general,23.620427465274624,48.75796149942452,-0.5000000000000004,0.8660254037844384,23.046072835461114
2026-01-20 23:00:00,office-general,23.046072835461114,49.74739761185226,-0.25881904510252157,0.9659258262890681,22.748201356784662
2026-01-21 00:00:00,office-general,22.748201356784662,48.745331276013786,0.0,1.0,22.6226518457723
2026-01-21 01:00:00,office-general,22.6226518457723,50.98841369716006,0.25881904510252074,0.9659258262890683,22.11202750670994
2026-01-21 02:00:00,office-general,22.11202750670994,48.76768858881871,0.49999999999999994,0.8660254037844387,21.787594427022405
2026-01-21 03:00:00,office-general,21.787594427022405,50.78405457087707,0.7071067811865475,0.7071067811865476,21.69282731321553
2026-01-21 04:00:00,office-general,21.69282731321553,48.593645970816745,0.8660254037844386,0.5000000000000001,20.955146589985446
2026-01-21 05:00:00,office-general,20.955146589985446,48.25155401513394,0.9659258262890683,0.25881904510252074,21.086959419025316
2026-01-21 06:00:00,office-general,21.086959419025316,47.852712538623386,1.0,6.123233995736766e-17,20.531733552535847
2026-01-21 07:00:00,office-general,20.531733552535847,46.695223009803165,0.9659258262890683,-0.25881904510252063,20.230639232298856
2026-01-21 08:00:00,office-general,20.230639232298856,46.54634277240862,0.8660254037844387,-0.49999999999999983,20.64266791884072
2026-01-21 09:00:00,office-general,20.64266791884072,43.61566445876885,0.7071067811865476,-0.7071067811865475,21.420239176199413
2026-01-21 10:00:00,office-general,21.420239176199413,42.753705140782884,0.49999999999999994,-0.8660254037844387,20.488189540580716
2026-01-21 11:00:00,office-general,20.488189540580716,42.524833838724646,0.258819045102521,-0.9659258262890682,21.75182300027964
2026-01-21 12:00:00,office-general,21.75182300027964,40.435689359628505,1.2246467991473532e-16,-1.0,22.13334520794951
2026-01-21 13:00:00,office-general,22.13334520794951,41.61469213170122,-0.2588190451025208,-0.9659258262890683,22.286248662246155
2026-01-21 14:00:00,office-general,22.286248662246155,41.103462993778095,-0.4999999999999998,-0.8660254037844388,22.679479110817862
2026-01-21 15:00:00,office-general,22.679479110817862,39.32208469666256,-0.7071067811865471,-0.7071067811865479,23.33624341973607
2026-01-21 16:00:00,office-general,23.33624341973607,40.330456370156014,-0.8660254037844384,-0.5000000000000004,22.721364328059956
2026-01-21 17:00:00,office-general,22.721364328059956,40.165580736974775,-0.9659258262890683,-0.25881904510252063,23.48356039903885
2026-01-21 18:00:00,office-general,23.48356039903885,41.04856117636755,-1.0,-1.8369701987210297e-16,23.50257380551127
2026-01-21 19:00:00,office-general,23.50257380551127,44.964276888309435,-0.9659258262890684,0.2588190451025203,24.74093764935647
2026-01-21 20:00:00,office-general,24.74093764935647,45.18586202382291,-0.8660254037844386,0.5000000000000001,23.61516881063656
2026-01-21 21:00:00,office-general,23.61516881063656,45.560168715626894,-0.7071067811865477,0.7071067811865474,23.707443714934477
2026-01-21 22:00:00,office-general,23.707443714934477,47.05632220385812,-0.5000000000000004,0.8660254037844384,23.00685592730835
2026-01-21 23:00:00,office-general,23.00685592730835,48.51934310775634,-0.25881904510252157,0.9659258262890681,23.07403492708686
2026-01-22 00:00:00,office-general,23.07403492708686,47.739184834227785,0.0,1.0,21.962302181894316
2026-01-22 01:00:00,office-general,21.962302181894316,50.314727345181446,0.25881904510252074,0.9659258262890683,22.055434597091104
2026-01-22 02:00:00,office-general,22.055434597091104,50.748288323286296,0.49999999999999994,0.8660254037844387,22.158168574749944
2026-01-22 03:00:00,office-general,22.158168574749944,50.05780508590356,0.7071067811865475,0.7071067811865476,21.122113678418696
2026-01-22 04:00:00,office-general,21.122113678418696,49.75832626356429,0.8660254037844386,0.5000000000000001,21.47887176544734
2026-01-22 05:00:00,office-general,21.47887176544734,48.39316646847964,0.9659258262890683,0.25881904510252074,20.6898818529852
2026-01-22 06:00:00,office-general,20.6898818529852,48.11427344943692,1.0,6.123233995736766e-17,21.10298323542629
2026-01-22 07:00:00,office-general,21.10298323542629,45.769616250576256,0.9659258262890683,-0.25881904510252063,20.008180606761673
2026-01-22 08:00:00,office-general,20.008180606761673,45.168498200977986,0.8660254037844387,-0.49999999999999983,20.428214617061947
2026-01-22 09:00:00,office-general,20.428214617061947,43.598154201137646,0.7071067811865476,-0.7071067811865475,20.760367317693362
2026-01-22 10:00:00,office-general,20.760367317693362,42.07936769028684,0.49999999999999994,-0.8660254037844387,21.576406852415502
2026-01-22 11:00:00,office-general,21.576406852415502,39.577314632862304,0.258819045102521,-0.9659258262890682,21.031980978477485
2026-01-22 12:00:00,office-general,21.031980978477485,40.11955347620927,1.2246467991473532e-16,-1.0,21.350870169679816
2026-01-22 13:00:00,office-general,21.350870169679816,41.51826285081482,-0.2588190451025208,-0.9659258262890683,22.148705373310086
2026-01-22 14:00:00,office-general,22.148705373310086,40.13260330674197,-0.4999999999999998,-0.8660254037844388,22.704584235083612
2026-01-22 15:00:00,office-general,22.704584235083612,40.48400169113883,-0.7071067811865471,-0.7071067811865479,23.246693626357708
2026-01-22 16:00:00,office-general,23.246693626357708,41.535309044691665,-0.8660254037844384,-0.5000000000000004,23.523398109292206
2026-01-22 17:00:00,office-general,23.523398109292206,39.977375141677086,-0.9659258262890683,-0.25881904510252063,22.945007406868676
2026-01-22 18:00:00,office-general,22.945007406868676,41.40424601838073,-1.0,-1.8369701987210297e-16,23.05463485906094
2026-01-22 19:00:00,office-general,23.05463485906094,45.14712490523064,-0.9659258262890684,0.2588190451025203,23.066975646790052
2026-01-22 20:00:00,office-general,23.066975646790052,44.380530045211046,-0.8660254037844386,0.5000000000000001,23.93052543721463
2026-01-22 21:00:00,office-general,23.93052543721463,45.73364835148947,-0.7071067811865477,0.7071067811865474,22.795661861399648
2026-01-22 22:00:00,office-general,22.795661861399648,48.85649526360943,-0.5000000000000004,0.8660254037844384,22.690717250001907
2026-01-22 23:00:00,office-general,22.690717250001907,48.569295847544126,-0.25881904510252157,0.9659258262890681,23.176821708355412
2026-01-23 00:00:00,office-general,23.176821708355412,49.618847031576706,0.0,1.0,23.034647821152163
2026-01-23 01:00:00,office-general,23.034647821152163,49.65424511514065,0.25881904510252074,0.9659258262890683,22.146929692468255
2026-01-23 02:00:00,office-general,22.146929692468255,49.97196696013996,0.49999999999999994,0.8660254037844387,21.696008851131417
2026-01-23 03:00:00,office-general,21.696008851131417,49.86634445541748,0.7071067811865475,0.7071067811865476,21.479929713655448
2026-01-23 04:00:00,office-general,21.479929713655448,50.599604260511995,0.8660254037844386,0.5000000000000001,21.326853591418395
2026-01-23 05:00:00,office-general,21.326853591418395,49.66572846806369,0.9659258262890683,0.25881904510252074,20.979704719717052
2026-01-23 06:00:00,office-general,20.979704719717052,48.61240114179201,1.0,6.123233995736766e-17,20.560192447865592
2026-01-23 07:00:00,office-general,20.560192447865592,46.61840202214658,0.9659258262890683,-0.25881904510252063,21.208023713741774
2026-01-23 08:00:00,office-general,21.208023713741774,43.180488718734324,0.8660254037844387,-0.49999999999999983,20.809414702347212
2026-01-23 09:00:00,office-general,20.809414702347212,43.91720178704028,0.7071067811865476,-0.7071067811865475,20.38810416514994
2026-01-23 10:00:00,office-general,20.38810416514994,43.12513832060787,0.49999999999999994,-0.8660254037844387,20.350703721212337
2026-01-23 11:00:00,office-general,20.350703721212337,41.665009460396064,0.258819045102521,-0.9659258262890682,21.3799182554087
2026-01-23 12:00:00,office-general,21.3799182554087,38.20277326355114,1.2246467991473532e-16,-1.0,21.72623852910752
2026-01-23 13:00:00,office-general,21.72623852910752,40.702042493834306,-0.2588190451025208,-0.9659258262890683,22.44467348175279
2026-01-23 14:00:00,office-general,22.44467348175279,39.60477208236569,-0.4999999999999998,-0.8660254037844388,23.299853062382997
2026-01-23 15:00:00,office-general,23.299853062382997,41.14083809925863,-0.7071067811865471,-0.7071067811865479,22.753393124383663
2026-01-23 16:00:00,office-general,22.753393124383663,41.30475761799192,-0.8660254037844384,-0.5000000000000004,22.994318424192688
2026-01-23 17:00:00,office-general,22.994318424192688,41.449248797980076,-0.9659258262890683,-0.25881904510252063,23.360212719159723
2026-01-23 18:00:00,office-general,23.360212719159723,42.67298908252025,-1.0,-1.8369701987210297e-16,23.658812996346263
2026-01-23 19:00:00,office-general,23.658812996346263,44.48928550347566,-0.9659258262890684,0.2588190451025203,23.33272734532733
2026-01-23 20:00:00,office-general,23.33272734532733,43.77680216115952,-0.8660254037844386,0.5000000000000001,23.341170911688337
2026-01-23 21:00:00,office-general,23.341170911688337,46.116322185133384,-0.7071067811865477,0.7071067811865474,23.812512353410735
2026-01-23 22:00:00,office-general,23.812512353410735,46.595444423529145,-0.5000000000000004,0.8660254037844384,23.57981867077739
2026-01-23 23:00:00,office-general,23.57981867077739,48.30136765887187,-0.25881904510252157,0.9659258262890681,23.109959729450186
2026-01-24 00:00:00,office-general,23.109959729450186,48.37976208199222,0.0,1.0,22.534632839629698
2026-01-24 01:00:00,office-general,22.534632839629698,48.86390088468922,0.25881904510252074,0.9659258262890683,21.654658775836786
2026-01-24 02:00:00,office-general,21.654658775836786,49.17261069833143,0.49999999999999994,0.8660254037844387,21.6990412499945
2026-01-24 03:00:00,office-general,21.6990412499945,49.234943432310196,0.7071067811865475,0.7071067811865476,20.852066792909124
2026-01-24 04:00:00,office-general,20.852066792909124,50.04684159235425,0.8660254037844386,0.5000000000000001,21.219377553930542
2026-01-24 05:00:00,office-general,21.219377553930542,48.73275420515272,0.9659258262890683,0.25881904510252074,21.4478860716701
2026-01-24 06:00:00,office-general,21.4478860716701,47.111714515265824,1.0,6.123233995736766e-17,21.004943569382487
2026-01-24 07:00:00,office-general,21.004943569382487,46.931795955960865,0.9659258262890683,-0.25881904510252063,21.211022390288797
2026-01-24 08:00:00,office-general,21.211022390288797,44.724816115944314,0.8660254037844387,-0.49999999999999983,20.458250813720376
2026-01-24 09:00:00,office-general,20.458250813720376,41.770492969192716,0.7071067811865476,-0.7071067811865475,20.989752110745844
2026-01-24 10:00:00,office-general,20.989752110745844,43.38800622144446,0.49999999999999994,-0.8660254037844387,20.928617431187327
2026-01-24 11:00:00,office-general,20.928617431187327,41.12489619790931,0.258819045102521,-0.9659258262890682,21.685529656292278
2026-01-24 12:00:00,office-general,21.685529656292278,41.157344291716875,1.2246467991473532e-16,-1.0,21.860190122259592
2026-01-24 13:00:00,office-general,21.860190122259592,39.55414087482233,-0.2588190451025208,-0.9659258262890683,22.975758557646675
2026-01-24 14:00:00,office-general,22.975758557646675,38.30213947237142,-0.4999999999999998,-0.8660254037844388,22.858714067434665
2026-01-24 15:00:00,office-general,22.858714067434665,39.18507655492012,-0.7071067811865471,-0.7071067811865479,23.08763665227027
2026-01-24 16:00:00,office-general,23.08763665227027,40.77469556181878,-0.8660254037844384,-0.5000000000000004,23.69236492875951
2026-01-24 17:00:00,office-general,23.69236492875951,42.865812160819175,-0.9659258262890683,-0.25881904510252063,23.762482330104746
2026-01-24 18:00:00,office-general,23.762482330104746,41.51762766221324,-1.0,-1.8369701987210297e-16,23.378646427550297
2026-01-24 19:00:00,office-general,23.378646427550297,44.737110107964796,-0.9659258262890684,0.2588190451025203,23.81447156167086
2026-01-24 20:00:00,office-general,23.81447156167086,45.00274118259345,-0.8660254037844386,0.5000000000000001,23.705820663463516
2026-01-24 21:00:00,office-general,23.705820663463516,47.13745790482286,-0.7071067811865477,0.7071067811865474,22.692351579906273
2026-01-24 22:00:00,office-general,22.692351579906273,46.50576723177927,-0.5000000000000004,0.8660254037844384,23.070142366102175
2026-01-24 23:00:00,office-general,23.070142366102175,49.142891092806124,-0.25881904510252157,0.9659258262890681,22.294231342498804
2026-01-25 00:00:00,office-general,22.294231342498804,49.31610041027366,0.0,1.0,22.839851098978688
2026-01-25 01:00:00,office-general,22.839851098978688,49.543350598991466,0.25881904510252074,0.9659258262890683,22.733165432593573
2026-01-25 02:00:00,office-general,22.733165432593573,51.35908590819321,0.49999999999999994,0.8660254037844387,21.75357933181269
2026-01-25 03:00:00,office-general,21.75357933181269,49.65224896872022,0.7071067811865475,0.7071067811865476,21.20047887185878
2026-01-25 04:00:00,office-general,21.20047887185878,47.38145530363019,0.8660254037844386,0.5000000000000001,21.519431578906236
2026-01-25 05:00:00,office-general,21.519431578906236,47.28978883551975,0.9659258262890683,0.25881904510252074,20.79091125361806
2026-01-25 06:00:00,office-general,20.79091125361806,45.37192210657239,1.0,6.123233995736766e-17,20.82508644264149
2026-01-25 07:00:00,office-general,20.82508644264149,47.90197041544183,0.9659258262890683,-0.25881904510252063,20.264450904930108
2026-01-25 08:00:00,office-general,20.264450904930108,45.661191869288864,0.8660254037844387,-0.49999999999999983,21.403780748855283
2026-01-25 09:00:00,office-general,21.403780748855283,44.10947932823222,0.7071067811865476,-0.7071067811865475,20.56421194786021
2026-01-25 10:00:00,office-general,20.56421194786021,42.559677948137725,0.49999999999999994,-0.8660254037844387,20.867332719103377
2026-01-25 11:00:00,office-general,20.867332719103377,42.846569803595095,0.258819045102521,-0.9659258262890682,21.810782714369868
2026-01-25 12:00:00,office-general,21.810782714369868,41.33028205680317,1.2246467991473532e-16,-1.0,21.90466783794995
2026-01-25 13:00:00,office-general,21.90466783794995,40.086752773437595,-0.2588190451025208,-0.9659258262890683,22.455031521011005
2026-01-25 14:00:00,office-general,22.455031521011005,40.732779776724215,-0.4999999999999998,-0.8660254037844388,23.233546498626602
2026-01-25 15:00:00,office-general,23.233546498626602,39.068232935023275,-0.7071067811865471,-0.7071067811865479,23.08368746120566
2026-01-25 16:00:00,office-general,23.08368746120566,42.206545234932,-0.8660254037844384,-0.5000000000000004,23.47224688924781
2026-01-25 17:00:00,office-general,23.47224688924781,43.68428550453315,-0.9659258262890683,-0.25881904510252063,23.149771474640826
2026-01-25 18:00:00,office-general,23.149771474640826,41.27549203653176,-1.0,-1.8369701987210297e-16,23.728667747646927
2026-01-25 19:00:00,office-general,23.728667747646927,45.46092363108844,-0.9659258262890684,0.2588190451025203,23.786113225989418
2026-01-25 20:00:00,office-general,23.786113225989418,45.4626329341205,-0.8660254037844386,0.5000000000000001,22.58125360238541
2026-01-25 21:00:00,office-general,22.58125360238541,46.08690347791908,-0.7071067811865477,0.7071067811865474,24.225054185738266
2026-01-25 22:00:00,office-general,24.225054185738266,46.90195611603409,-0.5000000000000004,0.8660254037844384,22.670315577916536
2026-01-25 23:00:00,office-general,22.670315577916536,47.06528157563391,-0.25881904510252157,0.9659258262890681,22.903086362036927
2026-01-26 00:00:00,office-general,22.903086362036927,49.849501803693386,0.0,1.0,22.33312460166572
2026-01-26 01:00:00,office-general,22.33312460166572,51.51134165676558,0.25881904510252074,0.9659258262890683,21.45209966567829
2026-01-26 02:00:00,office-general,21.45209966567829,49.47740668619536,0.49999999999999994,0.8660254037844387,21.66186587139886
2026-01-26 03:00:00,office-general,21.66186587139886,50.96541019016318,0.7071067811865475,0.7071067811865476,21.8434908901172
2026-01-26 04:00:00,office-general,21.8434908901172,48.742675478927076,0.8660254037844386,0.5000000000000001,21.36506743174269
2026-01-26 05:00:00,office-general,21.36506743174269,46.96255518682466,0.9659258262890683,0.25881904510252074,21.041979999312076
2026-01-26 06:00:00,office-general,21.041979999312076,47.08315173887351,1.0,6.123233995736766e-17,20.53298271761188
2026-01-26 07:00:00,office-general,20.53298271761188,47.32701023991278,0.9659258262890683,-0.25881904510252063,20.30761292573423
2026-01-26 08:00:00,office-general,20.30761292573423,43.61523245241579,0.8660254037844387,-0.49999999999999983,20.873977330195334
2026-01-26 09:00:00,office-general,20.873977330195334,42.622691821962306,0.7071067811865476,-0.7071067811865475,21.338090720178965
2026-01-26 10:00:00,office-general,21.338090720178965,42.69436034100629,0.49999999999999994,-0.8660254037844387,21.77001934223886
2026-01-26 11:00:00,office-general,21.77001934223886,42.555872569048354,0.258819045102521,-0.9659258262890682,21.697209673239673
2026-01-26 12:00:00,office-general,21.697209673239673,39.420079057054906,1.2246467991473532e-16,-1.0,22.11155348837879
2026-01-26 13:00:00,office-general,22.11155348837879,38.83639812229508,-0.2588190451025208,-0.9659258262890683,21.973667025888034
2026-01-26 14:00:00,office-general,21.973667025888034,39.3579360101677,-0.4999999999999998,-0.8660254037844388,22.532391977882956
2026-01-26 15:00:00,office-general,22.532391977882956,40.065936392307776,-0.7071067811865471,-0.7071067811865479,23.305498338418317
2026-01-26 16:00:00,office-general,23.305498338418317,40.948093917547844,-0.8660254037844384,-0.5000000000000004,23.331257214006985
2026-01-26 17:00:00,office-general,23.331257214006985,41.07190417054927,-0.9659258262890683,-0.25881904510252063,23.268911967018624
2026-01-26 18:00:00,office-general,23.268911967018624,42.668827503301024,-1.0,-1.8369701987210297e-16,23.874370166178153
2026-01-26 19:00:00,office-general,23.874370166178153,44.10216614055926,-0.9659258262890684,0.2588190451025203,24.05573110838206
2026-01-26 20:00:00,office-general,24.05573110838206,45.497739865449795,-0.8660254037844386,0.5000000000000001,23.342970234396137
2026-01-26 21:00:00,office-general,23.342970234396137,45.63006071315626,-0.7071067811865477,0.7071067811865474,23.44922265262314
2026-01-26 22:00:00,office-general,23.44922265262314,46.25882461198975,-0.5000000000000004,0.8660254037844384,23.587468087141854
2026-01-26 23:00:00,office-general,23.587468087141854,51.20057031016518,-0.25881904510252157,0.9659258262890681,22.772815221604688
2026-01-27 00:00:00,office-general,22.772815221604688,48.90550901243666,0.0,1.0,22.850133970822828
2026-01-27 01:00:00,office-general,22.850133970822828,50.01417533646391,0.25881904510252074,0.9659258262890683,22.27876188991371
2026-01-27 02:00:00,office-general,22.27876188991371,49.35334707101092,0.49999999999999994,0.8660254037844387,21.881327357803116
2026-01-27 03:00:00,office-general,21.881327357803116,49.7866220727071,0.7071067811865475,0.7071067811865476,21.8732215346669
2026-01-27 04:00:00,office-general,21.8732215346669,49.27593145645256,0.8660254037844386,0.5000000000000001,20.375976011344292
2026-01-27 05:00:00,office-general,20.375976011344292,48.97020646065158,0.9659258262890683,0.25881904510252074,21.289306334383124
2026-01-27 06:00:00,office-general,21.289306334383124,46.268476674066775,1.0,6.123233995736766e-17,20.026674169817582
2026-01-27 07:00:00,office-general,20.026674169817582,44.37497915343844,0.9659258262890683,-0.25881904510252063,21.0265409693636
2026-01-27 08:00:00,office-general,21.0265409693636,44.417228970510834,0.8660254037844387,-0.49999999999999983,20.269303782057737
2026-01-27 09:00:00,office-general,20.269303782057737,43.87370814031333,0.7071067811865476,-0.7071067811865475,21.48762898315477
2026-01-27 10:00:00,office-general,21.48762898315477,42.78492270584657,0.49999999999999994,-0.8660254037844387,21.101350878059417
2026-01-27 11:00:00,office-general,21.101350878059417,41.912621098295624,0.258819045102521,-0.9659258262890682,21.33090086816751
2026-01-27 12:00:00,office-general,21.33090086816751,41.53113165540569,1.2246467991473532e-16,-1.0,21.350190378025506
2026-01-27 13:00:00,office-general,21.350190378025506,39.59264847227137,-0.2588190451025208,-0.9659258262890683,22.511506222638136
2026-01-27 14:00:00,office-general,22.511506222638136,39.46355960222375,-0.4999999999999998,-0.8660254037844388,23.240443336174604
2026-01-27 15:00:00,office-general,23.240443336174604,40.7649659029564,-0.7071067811865471,-0.7071067811865479,22.340427699224335
2026-01-27 16:00:00,office-general,22.340427699224335,40.26615257090266,-0.8660254037844384,-0.5000000000000004,23.37125752137432
2026-01-27 17:00:00,office-general,23.37125752137432,42.084852442535244,-0.9659258262890683,-0.25881904510252063,23.587835220966145
2026-01-27 18:00:00,office-general,23.587835220966145,42.320747712263795,-1.0,-1.8369701987210297e-16,23.712440015594392
2026-01-27 19:00:00,office-general,23.712440015594392,43.00156162983017,-0.9659258262890684,0.2588190451025203,23.660986517703982
2026-01-27 20:00:00,office-general,23.660986517703982,45.545609159691026,-0.8660254037844386,0.5000000000000001,22.830519915461466
2026-01-27 21:00:00,office-general,22.830519915461466,46.69678756929055,-0.7071067811865477,0.7071067811865474,23.322641423511826
2026-01-27 22:00:00,office-general,23.322641423511826,45.63250767207407,-0.5000000000000004,0.8660254037844384,23.474394494048408
2026-01-27 23:00:00,office-general,23.474394494048408,48.716288111015736,-0.25881904510252157,0.9659258262890681,23.00185170337836
2026-01-28 00:00:00,office-general,23.00185170337836,48.57951338114404,0.0,1.0,22.719212060409227
2026-01-28 01:00:00,office-general,22.719212060409227,48.6423341660616,0.25881904510252074,0.9659258262890683,21.77797147004308
2026-01-28 02:00:00,office-general,21.77797147004308,48.86269877681148,0.49999999999999994,0.8660254037844387,21.854977099394656
2026-01-28 03:00:00,office-general,21.854977099394656,49.20650956796181,0.7071067811865475,0.7071067811865476,21.57040379845159
2026-01-28 04:00:00,office-general,21.57040379845159,49.33200376050677,0.8660254037844386,0.5000000000000001,21.086113549326576
2026-01-28 05:00:00,office-general,21.086113549326576,47.2553661594298,0.9659258262890683,0.25881904510252074,20.932065866233362
2026-01-28 06:00:00,office-general,20.932065866233362,46.95603611522805,1.0,6.123233995736766e-17,21.14167123743049
2026-01-28 07:00:00,office-general,21.14167123743049,45.60134838451868,0.9659258262890683,-0.25881904510252063,21.043369924803304
2026-01-28 08:00:00,office-general,21.043369924803304,43.906104522423185,0.8660254037844387,-0.49999999999999983,20.696752969119306
2026-01-28 09:00:00,office-general,20.696752969119306,44.73002462110388,0.7071067811865476,-0.7071067811865475,20.461164391504195
2026-01-28 10:00:00,office-general,20.461164391504195,42.670768445660954,0.49999999999999994,-0.8660254037844387,21.339675424580495
2026-01-28 11:00:00,office-general,21.339675424580495,41.01888946076785,0.258819045102521,-0.9659258262890682,21.39911300331993
2026-01-28 12:00:00,office-general,21.39911300331993,39.73460409721365,1.2246467991473532e-16,-1.0,22.42225671251111
2026-01-28 13:00:00,office-general,22.42225671251111,39.31741886444259,-0.2588190451025208,-0.9659258262890683,22.01589595602576
2026-01-28 14:00:00,office-general,22.01589595602576,39.701092107926115,-0.4999999999999998,-0.8660254037844388,21.949391625100436
2026-01-28 15:00:00,office-general,21.949391625100436,40.40585516134834,-0.7071067811865471,-0.7071067811865479,22.924724190230755
2026-01-28 16:00:00,office-general,22.924724190230755,40.10087579337672,-0.8660254037844384,-0.5000000000000004,23.758967670022397
2026-01-28 17:00:00,office-general,23.758967670022397,39.90912702274214,-0.9659258262890683,-0.25881904510252063,23.56665410012188
2026-01-28 18:00:00,office-general,23.56665410012188,42.01756333944406,-1.0,-1.8369701987210297e-16,23.92492747123158
2026-01-28 19:00:00,office-general,23.92492747123158,42.894926688454326,-0.9659258262890684,0.2588190451025203,23.296580588508338
2026-01-28 20:00:00,office-general,23.296580588508338,45.87546439308148,-0.8660254037844386,0.5000000000000001,23.666120792496695
2026-01-28 21:00:00,office-general,23.666120792496695,46.4917818060805,-0.7071067811865477,0.7071067811865474,23.544046240784063
2026-01-28 22:00:00,office-general,23.544046240784063,46.97509783231295,-0.5000000000000004,0.8660254037844384,23.373431468858524
2026-01-28 23:00:00,office-general,23.373431468858524,48.78438264189419,-0.25881904510252157,0.9659258262890681,23.094039020079684
2026-01-29 00:00:00,office-general,23.094039020079684,49.145318745730094,0.0,1.0,22.51113229558099
2026-01-29 01:00:00,office-general,22.51113229558099,49.82566848481159,0.25881904510252074,0.9659258262890683,21.770875222818933
2026-01-29 02:00:00,office-general,21.770875222818933,49.515740566551976,0.49999999999999994,0.8660254037844387,21.43208861121588
2026-01-29 03:00:00,office-general,21.43208861121588,49.11498628077772,0.7071067811865475,0.7071067811865476,22.75461292541288
2026-01-29 04:00:00,office-general,22.75461292541288,49.67569750240464,0.8660254037844386,0.5000000000000001,20.917313812419284
2026-01-29 05:00:00,office-general,20.917313812419284,48.52452014550796,0.9659258262890683,0.25881904510252074,20.129053563580705
2026-01-29 06:00:00,office-general,20.129053563580705,47.53180113843707,1.0,6.123233995736766e-17,21.118122098678516
2026-01-29 07:00:00,office-general,21.118122098678516,44.66158437051562,0.9659258262890683,-0.25881904510252063,20.66138282948015
2026-01-29 08:00:00,office-general,20.66138282948015,44.492553553648165,0.8660254037844387,-0.49999999999999983,20.434978169414965
2026-01-29 09:00:00,office-general,20.434978169414965,43.68672516957084,0.7071067811865476,-0.7071067811865475,21.657591045985452
2026-01-29 10:00:00,office-general,21.657591045985452,43.45370742776107,0.49999999999999994,-0.8660254037844387,21.25775772352172
2026-01-29 11:00:00,office-general,21.25775772352172,41.09865112704903,0.258819045102521,-0.9659258262890682,21.982285639861242
2026-01-29 12:00:00,office-general,21.982285639861242,41.67987381795199,1.2246467991473532e-16,-1.0,22.45214153338743
2026-01-29 13:00:00,office-general,22.45214153338743,40.44446949489185,-0.2588190451025208,-0.9659258262890683,22.620888705459723
2026-01-29 14:00:00,office-general,22.620888705459723,39.09126799563433,-0.4999999999999998,-0.8660254037844388,23.092854826489862
2026-01-29 15:00:00,office-general,23.092854826489862,40.00001397839189,-0.7071067811865471,-0.7071067811865479,23.087606283338673
2026-01-29 16:00:00,office-general,23.087606283338673,42.807387386851694,-0.8660254037844384,-0.5000000000000004,23.527707982247932
2026-01-29 17:00:00,office-general,23.527707982247932,41.70741370454867,-0.9659258262890683,-0.25881904510252063,23.836715486933294
2026-01-29 18:00:00,office-general,23.836715486933294,44.213506389113284,-1.0,-1.8369701987210297e-16,23.75937663034473
2026-01-29 19:00:00,office-general,23.75937663034473,43.353477891575615,-0.9659258262890684,0.2588190451025203,24.24976278323148
2026-01-29 20:00:00,office-general,24.24976278323148,45.333435906434865,-0.8660254037844386,0.5000000000000001,23.704823066546428
2026-01-29 21:00:00,office-general,23.704823066546428,47.414410074574086,-0.7071067811865477,0.7071067811865474,24.088138066204067
2026-01-29 22:00:00,office-general,24.088138066204067,47.31312580234546,-0.5000000000000004,0.8660254037844384,22.599601285491598
2026-01-29 23:00:00,office-general,22.599601285491598,49.16776604534495,-0.25881904510252157,0.9659258262890681,23.175313879142838
2026-01-30 00:00:00,office-general,23.175313879142838,48.4071613162978,0.0,1.0,23.482543021556864
2026-01-30 01:00:00,office-general,23.482543021556864,50.895494329612774,0.25881904510252074,0.9659258262890683,22.697437875869216
2026-01-30 02:00:00,office-general,22.697437875869216,49.93726959626598,0.49999999999999994,0.8660254037844387,21.117624162463585
2026-01-30 03:00:00,office-general,21.117624162463585,49.47427151432823,0.7071067811865475,0.7071067811865476,21.44341793552383
2026-01-30 04:00:00,office-general,21.44341793552383,49.87189327036393,0.8660254037844386,0.5000000000000001,21.47808953450466
2026-01-30 05:00:00,office-general,21.47808953450466,47.88102157482107,0.9659258262890683,0.25881904510252074,21.03409835061365
2026-01-30 06:00:00,office-general,21.03409835061365,46.6164378847518,1.0,6.123233995736766e-17,21.062493088500343
2026-01-30 07:00:00,office-general,21.062493088500343,47.77857556921577,0.9659258262890683,-0.25881904510252063,20.718667905441368
2026-01-30 08:00:00,office-general,20.718667905441368,43.85092368789315,0.8660254037844387,-0.49999999999999983,20.515322529798436
2026-01-30 09:00:00,office-general,20.515322529798436,44.29367451364128,0.7071067811865476,-0.7071067811865475,21.518081659121687
2026-01-30 10:00:00,office-general,21.518081659121687,44.40113530423526,0.49999999999999994,-0.8660254037844387,21.06897416123563
2026-01-30 11:00:00,office-general,21.06897416123563,41.773490874831175,0.258819045102521,-0.9659258262890682,21.63416071913039
2026-01-30 12:00:00,office-general,21.63416071913039,40.47462152190712,1.2246467991473532e-16,-1.0,22.267654574216586
2026-01-30 13:00:00,office-general,22.267654574216586,42.348945787785325,-0.2588190451025208,-0.9659258262890683,22.25974053771826
2026-01-30 14:00:00,office-general,22.25974053771826,40.5347839485288,-0.4999999999999998,-0.8660254037844388,22.67951523570383
2026-01-30 15:00:00,office-general,22.67951523570383,39.75449847971013,-0.7071067811865471,-0.7071067811865479,22.870998452878013
2026-01-30 16:00:00,office-general,22.870998452878013,41.933580623852,-0.8660254037844384,-0.5000000000000004,23.603332891420234
2026-01-30 17:00:00,office-general,23.603332891420234,42.2307663637569,-0.9659258262890683,-0.25881904510252063,23.451440287118256
2026-01-30 18:00:00,office-general,23.451440287118256,41.16361050696886,-1.0,-1.8369701987210297e-16,23.286833208606268
2026-01-30 19:00:00,office-general,23.286833208606268,42.210712013688465,-0.9659258262890684,0.2588190451025203,23.398240123896745
2026-01-30 20:00:00,office-general,23.398240123896745,46.22684490370387,-0.8660254037844386,0.5000000000000001,24.060596931730114
2026-01-30 21:00:00,office-general,24.060596931730114,44.4554037602848,-0.7071067811865477,0.7071067811865474,23.778835241148283
2026-01-30 22:00:00,office-general,23.778835241148283,49.3403061762464,-0.5000000000000004,0.8660254037844384,23.623634032972397
